WeekEpid;Year;Year_Week;Departements;Districts_Sanitaires;cas_suspect;Deces;cas_confirme;
1;2024;2024_S1;PLATEAUX;Abala-Allémbé;0;0;0;
1;2024;2024_S1;POOL;Boko-Louingui-Loumo;0;0;0;
1;2024;2024_S1;PLATEAUX;Djambala-Lékana-Mbon;0;0;0;
1;2024;2024_S1;BRAZZAVILLE;Djiri;0;0;0;
1;2024;2024_S1;NIARI;Dolisie;0;0;0;
1;2024;2024_S1;LIKOUALA;Enyellé-Bétou;0;0;0;
1;2024;2024_S1;CUVETTE OUEST;Etoumbi;8;0;0;
1;2024;2024_S1;CUVETTE OUEST;Ewo;0;0;0;
1;2024;2024_S1;PLATEAUX;Gamboma;0;0;0;
1;2024;2024_S1;POOL;Goma Tsé-Tsé;0;0;0;
1;2024;2024_S1;KOUILOU;Hinda-Loango;0;0;0;
1;2024;2024_S1;POOL;Ignié-Ngabé-Mayama;0;0;0;
1;2024;2024_S1;BRAZZAVILLE;Ile Mbamou;0;0;0;
1;2024;2024_S1;LIKOUALA;Impfondo;0;0;0;
1;2024;2024_S1;NIARI;Kibangou;0;0;0;
1;2024;2024_S1;NIARI;Kimongo;0;0;0;
1;2024;2024_S1;POOL;Kindamba;0;0;0;
1;2024;2024_S1;POOL;Kinkala;0;0;0;
1;2024;2024_S1;POOL;Kintélé;0;0;0;
1;2024;2024_S1;POINTE NOIRE;Loandjili;0;0;0;
1;2024;2024_S1;BOUENZA;Loudima;0;0;0;
1;2024;2024_S1;BOUENZA;Loutété;0;0;0;
1;2024;2024_S1;POINTE NOIRE;Lumumba;0;0;0;
1;2024;2024_S1;BRAZZAVILLE;Madibou;0;0;0;
1;2024;2024_S1;KOUILOU;Madingo kayes - Nzambi;0;0;0;
1;2024;2024_S1;BOUENZA;Madingou;0;0;0;
1;2024;2024_S1;BRAZZAVILLE;Makelekele;0;0;0;
1;2024;2024_S1;NIARI;Mayoko;0;0;0;
1;2024;2024_S1;BRAZZAVILLE;Mfilou;0;0;0;
1;2024;2024_S1;POINTE NOIRE;Mongo Poukou;0;0;0;
1;2024;2024_S1;CUVETTE;Mossaka-Loukoléla;0;0;0;
1;2024;2024_S1;NIARI;Mossendjo;0;0;0;
1;2024;2024_S1;BRAZZAVILLE;Moungali;0;0;0;
1;2024;2024_S1;BOUENZA;Mouyondzi;0;0;0;
1;2024;2024_S1;POINTE NOIRE;Mvou-Mvou;0;0;0;
1;2024;2024_S1;KOUILOU;Mvouti-Kakamoéka;0;0;0;
1;2024;2024_S1;PLATEAUX;Ngo-Mpouya;0;0;0;
1;2024;2024_S1;POINTE NOIRE;Ngoyo;0;0;0;
1;2024;2024_S1;BOUENZA;Nkayi;0;0;0;
1;2024;2024_S1;BRAZZAVILLE;Ouenze;0;0;0;
1;2024;2024_S1;SANGHA;Ouesso;0;0;0;
1;2024;2024_S1;CUVETTE;Owando;0;0;0;
1;2024;2024_S1;CUVETTE;Oyo-Alima;0;0;0;
1;2024;2024_S1;BRAZZAVILLE;Poto-Poto;0;0;0;
1;2024;2024_S1;SANGHA;Sembé-Souanké;0;0;0;
1;2024;2024_S1;LEKOUMOU;Sibiti;0;0;0;
1;2024;2024_S1;BRAZZAVILLE;Talangai;0;0;0;
1;2024;2024_S1;POINTE NOIRE;Tchiamba Nzassi;0;0;0;
1;2024;2024_S1;POINTE NOIRE;Tié-Tié;0;0;0;
1;2024;2024_S1;LEKOUMOU;Zanaga;0;0;0;
2;2024;2024_S2;PLATEAUX;Abala-Allémbé;0;0;0;
2;2024;2024_S2;POOL;Boko-Louingui-Loumo;0;0;0;
2;2024;2024_S2;PLATEAUX;Djambala-Lékana-Mbon;0;0;0;
2;2024;2024_S2;BRAZZAVILLE;Djiri;0;0;0;
2;2024;2024_S2;NIARI;Dolisie;0;0;0;
2;2024;2024_S2;CUVETTE OUEST;Etoumbi;0;0;0;
2;2024;2024_S2;CUVETTE OUEST;Ewo;0;0;0;
2;2024;2024_S2;POOL;Goma Tsé-Tsé;0;0;0;
2;2024;2024_S2;KOUILOU;Hinda-Loango;0;0;0;
2;2024;2024_S2;POOL;Ignié-Ngabé-Mayama;0;0;0;
2;2024;2024_S2;LIKOUALA;Impfondo;0;0;0;
2;2024;2024_S2;NIARI;Kibangou;0;0;0;
2;2024;2024_S2;NIARI;Kimongo;0;0;0;
2;2024;2024_S2;POOL;Kindamba;0;0;0;
2;2024;2024_S2;POOL;Kinkala;0;0;0;
2;2024;2024_S2;POOL;Kintélé;0;0;0;
2;2024;2024_S2;POINTE NOIRE;Loandjili;0;0;0;
2;2024;2024_S2;BOUENZA;Loudima;0;0;0;
2;2024;2024_S2;BOUENZA;Loutété;0;0;0;
2;2024;2024_S2;POINTE NOIRE;Lumumba;0;0;0;
2;2024;2024_S2;BRAZZAVILLE;Madibou;0;0;0;
2;2024;2024_S2;KOUILOU;Madingo kayes - Nzambi;0;0;0;
2;2024;2024_S2;BOUENZA;Madingou;0;0;0;
2;2024;2024_S2;BRAZZAVILLE;Makelekele;0;0;0;
2;2024;2024_S2;NIARI;Mayoko;0;0;0;
2;2024;2024_S2;BRAZZAVILLE;Mfilou;0;0;0;
2;2024;2024_S2;POINTE NOIRE;Mongo Poukou;0;0;0;
2;2024;2024_S2;CUVETTE;Mossaka-Loukoléla;0;0;0;
2;2024;2024_S2;NIARI;Mossendjo;0;0;0;
2;2024;2024_S2;BRAZZAVILLE;Moungali;0;0;0;
2;2024;2024_S2;BOUENZA;Mouyondzi;0;0;0;
2;2024;2024_S2;POINTE NOIRE;Mvou-Mvou;0;0;0;
2;2024;2024_S2;KOUILOU;Mvouti-Kakamoéka;0;0;0;
2;2024;2024_S2;PLATEAUX;Ngo-Mpouya;0;0;0;
2;2024;2024_S2;POINTE NOIRE;Ngoyo;0;0;0;
2;2024;2024_S2;BOUENZA;Nkayi;0;0;0;
2;2024;2024_S2;BRAZZAVILLE;Ouenze;0;0;0;
2;2024;2024_S2;SANGHA;Ouesso;0;0;0;
2;2024;2024_S2;BRAZZAVILLE;Poto-Poto;0;0;0;
2;2024;2024_S2;SANGHA;Sembé-Souanké;0;0;0;
2;2024;2024_S2;LEKOUMOU;Sibiti;0;0;0;
2;2024;2024_S2;BRAZZAVILLE;Talangai;0;0;0;
2;2024;2024_S2;POINTE NOIRE;Tchiamba Nzassi;0;0;0;
2;2024;2024_S2;POINTE NOIRE;Tié-Tié;0;0;0;
2;2024;2024_S2;LEKOUMOU;Zanaga;0;0;0;
2;2024;2024_S2;PLATEAUX;Gamboma;2;0;1;
3;2024;2024_S3;PLATEAUX;Abala-Allémbé;0;0;0;
3;2024;2024_S3;BRAZZAVILLE;Bacongo;0;0;0;
3;2024;2024_S3;POOL;Boko-Louingui-Loumo;0;0;0;
3;2024;2024_S3;PLATEAUX;Djambala-Lékana-Mbon;0;0;0;
3;2024;2024_S3;BRAZZAVILLE;Djiri;0;0;0;
3;2024;2024_S3;NIARI;Dolisie;0;0;0;
3;2024;2024_S3;LIKOUALA;Enyellé-Bétou;0;0;0;
3;2024;2024_S3;CUVETTE OUEST;Etoumbi;0;0;0;
3;2024;2024_S3;CUVETTE OUEST;Ewo;0;0;0;
3;2024;2024_S3;POOL;Goma Tsé-Tsé;0;0;0;
3;2024;2024_S3;KOUILOU;Hinda-Loango;0;0;0;
3;2024;2024_S3;POOL;Ignié-Ngabé-Mayama;0;0;0;
3;2024;2024_S3;LIKOUALA;Impfondo;0;0;0;
3;2024;2024_S3;NIARI;Kibangou;0;0;0;
3;2024;2024_S3;NIARI;Kimongo;0;0;0;
3;2024;2024_S3;POOL;Kindamba;0;0;0;
3;2024;2024_S3;POOL;Kinkala;0;0;0;
3;2024;2024_S3;POOL;Kintélé;0;0;0;
3;2024;2024_S3;POINTE NOIRE;Loandjili;0;0;0;
3;2024;2024_S3;BOUENZA;Loudima;0;0;0;
3;2024;2024_S3;BOUENZA;Loutété;0;0;0;
3;2024;2024_S3;POINTE NOIRE;Lumumba;0;0;0;
3;2024;2024_S3;BRAZZAVILLE;Madibou;0;0;0;
3;2024;2024_S3;KOUILOU;Madingo kayes - Nzambi;0;0;0;
3;2024;2024_S3;BOUENZA;Madingou;0;0;0;
3;2024;2024_S3;BRAZZAVILLE;Makelekele;0;0;0;
3;2024;2024_S3;NIARI;Mayoko;0;0;0;
3;2024;2024_S3;BRAZZAVILLE;Mfilou;0;0;0;
3;2024;2024_S3;POOL;Mindouli;0;0;0;
3;2024;2024_S3;POINTE NOIRE;Mongo Poukou;0;0;0;
3;2024;2024_S3;CUVETTE;Mossaka-Loukoléla;0;0;0;
3;2024;2024_S3;NIARI;Mossendjo;0;0;0;
3;2024;2024_S3;BRAZZAVILLE;Moungali;0;0;0;
3;2024;2024_S3;BOUENZA;Mouyondzi;0;0;0;
3;2024;2024_S3;POINTE NOIRE;Mvou-Mvou;0;0;0;
3;2024;2024_S3;KOUILOU;Mvouti-Kakamoéka;0;0;0;
3;2024;2024_S3;PLATEAUX;Ngo-Mpouya;0;0;0;
3;2024;2024_S3;POINTE NOIRE;Ngoyo;0;0;0;
3;2024;2024_S3;BOUENZA;Nkayi;0;0;0;
3;2024;2024_S3;BRAZZAVILLE;Ouenze;0;0;0;
3;2024;2024_S3;SANGHA;Ouesso;0;0;0;
3;2024;2024_S3;CUVETTE;Owando;0;0;0;
3;2024;2024_S3;CUVETTE;Oyo-Alima;0;0;0;
3;2024;2024_S3;BRAZZAVILLE;Poto-Poto;0;0;0;
3;2024;2024_S3;SANGHA;Sembé-Souanké;0;0;0;
3;2024;2024_S3;LEKOUMOU;Sibiti;0;0;0;
3;2024;2024_S3;BRAZZAVILLE;Talangai;0;0;0;
3;2024;2024_S3;POINTE NOIRE;Tchiamba Nzassi;0;0;0;
3;2024;2024_S3;POINTE NOIRE;Tié-Tié;0;0;0;
3;2024;2024_S3;LEKOUMOU;Zanaga;0;0;0;
3;2024;2024_S3;PLATEAUX;Gamboma;1;0;1;
4;2024;2024_S4;PLATEAUX;Abala-Allémbé;0;0;0;
4;2024;2024_S4;BRAZZAVILLE;Bacongo;0;0;0;
4;2024;2024_S4;POOL;Boko-Louingui-Loumo;0;0;0;
4;2024;2024_S4;PLATEAUX;Djambala-Lékana-Mbon;0;0;0;
4;2024;2024_S4;BRAZZAVILLE;Djiri;0;0;0;
4;2024;2024_S4;NIARI;Dolisie;0;0;0;
4;2024;2024_S4;LIKOUALA;Enyellé-Bétou;0;0;0;
4;2024;2024_S4;CUVETTE OUEST;Etoumbi;0;0;0;
4;2024;2024_S4;CUVETTE OUEST;Ewo;0;0;0;
4;2024;2024_S4;PLATEAUX;Gamboma;0;0;0;
4;2024;2024_S4;POOL;Goma Tsé-Tsé;0;0;0;
4;2024;2024_S4;KOUILOU;Hinda-Loango;0;0;0;
4;2024;2024_S4;POOL;Ignié-Ngabé-Mayama;0;0;0;
4;2024;2024_S4;LIKOUALA;Impfondo;0;0;0;
4;2024;2024_S4;NIARI;Kibangou;0;0;0;
4;2024;2024_S4;NIARI;Kimongo;0;0;0;
4;2024;2024_S4;POOL;Kindamba;0;0;0;
4;2024;2024_S4;POOL;Kinkala;0;0;0;
4;2024;2024_S4;POOL;Kintélé;0;0;0;
4;2024;2024_S4;POINTE NOIRE;Loandjili;0;0;0;
4;2024;2024_S4;BOUENZA;Loudima;0;0;0;
4;2024;2024_S4;BOUENZA;Loutété;0;0;0;
4;2024;2024_S4;POINTE NOIRE;Lumumba;0;0;0;
4;2024;2024_S4;BRAZZAVILLE;Madibou;0;0;0;
4;2024;2024_S4;KOUILOU;Madingo kayes - Nzambi;0;0;0;
4;2024;2024_S4;BOUENZA;Madingou;0;0;0;
4;2024;2024_S4;BRAZZAVILLE;Makelekele;0;0;0;
4;2024;2024_S4;NIARI;Mayoko;0;0;0;
4;2024;2024_S4;BRAZZAVILLE;Mfilou;0;0;0;
4;2024;2024_S4;POOL;Mindouli;0;0;0;
4;2024;2024_S4;POINTE NOIRE;Mongo Poukou;0;0;0;
4;2024;2024_S4;NIARI;Mossendjo;0;0;0;
4;2024;2024_S4;BRAZZAVILLE;Moungali;0;0;0;
4;2024;2024_S4;BOUENZA;Mouyondzi;0;0;0;
4;2024;2024_S4;POINTE NOIRE;Mvou-Mvou;0;0;0;
4;2024;2024_S4;KOUILOU;Mvouti-Kakamoéka;0;0;0;
4;2024;2024_S4;PLATEAUX;Ngo-Mpouya;0;0;0;
4;2024;2024_S4;POINTE NOIRE;Ngoyo;0;0;0;
4;2024;2024_S4;BOUENZA;Nkayi;0;0;0;
4;2024;2024_S4;BRAZZAVILLE;Ouenze;0;0;0;
4;2024;2024_S4;SANGHA;Ouesso;0;0;0;
4;2024;2024_S4;CUVETTE;Owando;0;0;0;
4;2024;2024_S4;CUVETTE;Oyo-Alima;0;0;0;
4;2024;2024_S4;BRAZZAVILLE;Poto-Poto;0;0;0;
4;2024;2024_S4;SANGHA;Sembé-Souanké;0;0;0;
4;2024;2024_S4;LEKOUMOU;Sibiti;0;0;0;
4;2024;2024_S4;BRAZZAVILLE;Talangai;0;0;0;
4;2024;2024_S4;POINTE NOIRE;Tchiamba Nzassi;0;0;0;
4;2024;2024_S4;POINTE NOIRE;Tié-Tié;0;0;0;
4;2024;2024_S4;LEKOUMOU;Zanaga;0;0;0;
4;2024;2024_S4;CUVETTE;Mossaka-Loukoléla;2;0;2;
5;2024;2024_S5;PLATEAUX;Abala-Allémbé;0;0;0;
5;2024;2024_S5;POOL;Boko-Louingui-Loumo;0;0;0;
5;2024;2024_S5;PLATEAUX;Djambala-Lékana-Mbon;0;0;0;
5;2024;2024_S5;BRAZZAVILLE;Djiri;0;0;0;
5;2024;2024_S5;NIARI;Dolisie;0;0;0;
5;2024;2024_S5;LIKOUALA;Enyellé-Bétou;0;0;0;
5;2024;2024_S5;CUVETTE OUEST;Etoumbi;1;0;0;
5;2024;2024_S5;CUVETTE OUEST;Ewo;0;0;0;
5;2024;2024_S5;PLATEAUX;Gamboma;0;0;0;
5;2024;2024_S5;POOL;Goma Tsé-Tsé;0;0;0;
5;2024;2024_S5;KOUILOU;Hinda-Loango;0;0;0;
5;2024;2024_S5;POOL;Ignié-Ngabé-Mayama;0;0;0;
5;2024;2024_S5;BRAZZAVILLE;Ile Mbamou;0;0;0;
5;2024;2024_S5;LIKOUALA;Impfondo;0;0;0;
5;2024;2024_S5;NIARI;Kibangou;0;0;0;
5;2024;2024_S5;NIARI;Kimongo;0;0;0;
5;2024;2024_S5;POOL;Kindamba;0;0;0;
5;2024;2024_S5;POOL;Kinkala;0;0;0;
5;2024;2024_S5;POOL;Kintélé;0;0;0;
5;2024;2024_S5;POINTE NOIRE;Loandjili;0;0;0;
5;2024;2024_S5;BOUENZA;Loudima;0;0;0;
5;2024;2024_S5;BOUENZA;Loutété;0;0;0;
5;2024;2024_S5;POINTE NOIRE;Lumumba;1;0;0;
5;2024;2024_S5;BRAZZAVILLE;Madibou;0;0;0;
5;2024;2024_S5;KOUILOU;Madingo kayes - Nzambi;0;0;0;
5;2024;2024_S5;BOUENZA;Madingou;0;0;0;
5;2024;2024_S5;BRAZZAVILLE;Makelekele;0;0;0;
5;2024;2024_S5;NIARI;Mayoko;0;0;0;
5;2024;2024_S5;BRAZZAVILLE;Mfilou;0;0;0;
5;2024;2024_S5;POOL;Mindouli;0;0;0;
5;2024;2024_S5;POINTE NOIRE;Mongo Poukou;0;0;0;
5;2024;2024_S5;CUVETTE;Mossaka-Loukoléla;0;0;0;
5;2024;2024_S5;NIARI;Mossendjo;0;0;0;
5;2024;2024_S5;BRAZZAVILLE;Moungali;0;0;0;
5;2024;2024_S5;BOUENZA;Mouyondzi;0;0;0;
5;2024;2024_S5;POINTE NOIRE;Mvou-Mvou;0;0;0;
5;2024;2024_S5;KOUILOU;Mvouti-Kakamoéka;0;0;0;
5;2024;2024_S5;PLATEAUX;Ngo-Mpouya;0;0;0;
5;2024;2024_S5;POINTE NOIRE;Ngoyo;0;0;0;
5;2024;2024_S5;BOUENZA;Nkayi;0;0;0;
5;2024;2024_S5;BRAZZAVILLE;Ouenze;0;0;0;
5;2024;2024_S5;SANGHA;Ouesso;0;0;0;
5;2024;2024_S5;CUVETTE;Owando;0;0;0;
5;2024;2024_S5;CUVETTE;Oyo-Alima;0;0;0;
5;2024;2024_S5;BRAZZAVILLE;Poto-Poto;0;0;0;
5;2024;2024_S5;SANGHA;Sembé-Souanké;0;0;0;
5;2024;2024_S5;LEKOUMOU;Sibiti;0;0;0;
5;2024;2024_S5;BRAZZAVILLE;Talangai;0;0;0;
5;2024;2024_S5;POINTE NOIRE;Tchiamba Nzassi;0;0;0;
5;2024;2024_S5;POINTE NOIRE;Tié-Tié;0;0;0;
5;2024;2024_S5;LEKOUMOU;Zanaga;0;0;0;
6;2024;2024_S6;PLATEAUX;Abala-Allémbé;0;0;0;
6;2024;2024_S6;BRAZZAVILLE;Bacongo;0;0;0;
6;2024;2024_S6;POOL;Boko-Louingui-Loumo;0;0;0;
6;2024;2024_S6;PLATEAUX;Djambala-Lékana-Mbon;0;0;0;
6;2024;2024_S6;BRAZZAVILLE;Djiri;0;0;0;
6;2024;2024_S6;NIARI;Dolisie;0;0;0;
6;2024;2024_S6;LIKOUALA;Enyellé-Bétou;0;0;0;
6;2024;2024_S6;CUVETTE OUEST;Etoumbi;0;0;0;
6;2024;2024_S6;CUVETTE OUEST;Ewo;0;0;0;
6;2024;2024_S6;PLATEAUX;Gamboma;0;0;0;
6;2024;2024_S6;POOL;Goma Tsé-Tsé;0;0;0;
6;2024;2024_S6;KOUILOU;Hinda-Loango;0;0;0;
6;2024;2024_S6;POOL;Ignié-Ngabé-Mayama;0;0;0;
6;2024;2024_S6;BRAZZAVILLE;Ile Mbamou;0;0;0;
6;2024;2024_S6;LIKOUALA;Impfondo;0;0;0;
6;2024;2024_S6;NIARI;Kibangou;0;0;0;
6;2024;2024_S6;NIARI;Kimongo;0;0;0;
6;2024;2024_S6;POOL;Kindamba;0;0;0;
6;2024;2024_S6;POOL;Kinkala;0;0;0;
6;2024;2024_S6;POOL;Kintélé;0;0;0;
6;2024;2024_S6;POINTE NOIRE;Loandjili;0;0;0;
6;2024;2024_S6;BOUENZA;Loudima;0;0;0;
6;2024;2024_S6;BOUENZA;Loutété;0;0;0;
6;2024;2024_S6;POINTE NOIRE;Lumumba;0;0;0;
6;2024;2024_S6;BRAZZAVILLE;Madibou;0;0;0;
6;2024;2024_S6;KOUILOU;Madingo kayes - Nzambi;0;0;0;
6;2024;2024_S6;BOUENZA;Madingou;0;0;0;
6;2024;2024_S6;BRAZZAVILLE;Makelekele;0;0;0;
6;2024;2024_S6;NIARI;Mayoko;0;0;0;
6;2024;2024_S6;BRAZZAVILLE;Mfilou;0;0;0;
6;2024;2024_S6;POOL;Mindouli;0;0;0;
6;2024;2024_S6;POINTE NOIRE;Mongo Poukou;0;0;0;
6;2024;2024_S6;CUVETTE;Mossaka-Loukoléla;0;0;0;
6;2024;2024_S6;NIARI;Mossendjo;0;0;0;
6;2024;2024_S6;BRAZZAVILLE;Moungali;0;0;0;
6;2024;2024_S6;BOUENZA;Mouyondzi;0;0;0;
6;2024;2024_S6;POINTE NOIRE;Mvou-Mvou;0;0;0;
6;2024;2024_S6;KOUILOU;Mvouti-Kakamoéka;0;0;0;
6;2024;2024_S6;PLATEAUX;Ngo-Mpouya;0;0;0;
6;2024;2024_S6;POINTE NOIRE;Ngoyo;0;0;0;
6;2024;2024_S6;BOUENZA;Nkayi;0;0;0;
6;2024;2024_S6;BRAZZAVILLE;Ouenze;0;0;0;
6;2024;2024_S6;SANGHA;Ouesso;0;0;0;
6;2024;2024_S6;CUVETTE;Owando;0;0;0;
6;2024;2024_S6;CUVETTE;Oyo-Alima;0;0;0;
6;2024;2024_S6;BRAZZAVILLE;Poto-Poto;0;0;0;
6;2024;2024_S6;SANGHA;Sembé-Souanké;0;0;0;
6;2024;2024_S6;LEKOUMOU;Sibiti;0;0;0;
6;2024;2024_S6;BRAZZAVILLE;Talangai;0;0;0;
6;2024;2024_S6;POINTE NOIRE;Tchiamba Nzassi;0;0;0;
6;2024;2024_S6;POINTE NOIRE;Tié-Tié;0;0;0;
6;2024;2024_S6;LEKOUMOU;Zanaga;0;0;0;
7;2024;2024_S7;PLATEAUX;Abala-Allémbé;0;0;0;
7;2024;2024_S7;BRAZZAVILLE;Bacongo;0;0;0;
7;2024;2024_S7;POOL;Boko-Louingui-Loumo;0;0;0;
7;2024;2024_S7;PLATEAUX;Djambala-Lékana-Mbon;0;0;0;
7;2024;2024_S7;BRAZZAVILLE;Djiri;0;0;0;
7;2024;2024_S7;NIARI;Dolisie;0;0;0;
7;2024;2024_S7;LIKOUALA;Enyellé-Bétou;0;0;0;
7;2024;2024_S7;CUVETTE OUEST;Etoumbi;0;0;0;
7;2024;2024_S7;CUVETTE OUEST;Ewo;0;0;0;
7;2024;2024_S7;PLATEAUX;Gamboma;5;0;0;
7;2024;2024_S7;POOL;Goma Tsé-Tsé;0;0;0;
7;2024;2024_S7;KOUILOU;Hinda-Loango;0;0;0;
7;2024;2024_S7;POOL;Ignié-Ngabé-Mayama;0;0;0;
7;2024;2024_S7;BRAZZAVILLE;Ile Mbamou;0;0;0;
7;2024;2024_S7;LIKOUALA;Impfondo;0;0;0;
7;2024;2024_S7;NIARI;Kibangou;0;0;0;
7;2024;2024_S7;NIARI;Kimongo;0;0;0;
7;2024;2024_S7;POOL;Kindamba;0;0;0;
7;2024;2024_S7;POOL;Kinkala;0;0;0;
7;2024;2024_S7;POOL;Kintélé;0;0;0;
7;2024;2024_S7;POINTE NOIRE;Loandjili;0;0;0;
7;2024;2024_S7;BOUENZA;Loudima;0;0;0;
7;2024;2024_S7;BOUENZA;Loutété;0;0;0;
7;2024;2024_S7;POINTE NOIRE;Lumumba;0;0;0;
7;2024;2024_S7;BRAZZAVILLE;Madibou;0;0;0;
7;2024;2024_S7;KOUILOU;Madingo kayes - Nzambi;0;0;0;
7;2024;2024_S7;BOUENZA;Madingou;0;0;0;
7;2024;2024_S7;BRAZZAVILLE;Makelekele;1;0;0;
7;2024;2024_S7;NIARI;Mayoko;0;0;0;
7;2024;2024_S7;BRAZZAVILLE;Mfilou;0;0;0;
7;2024;2024_S7;POOL;Mindouli;0;0;0;
7;2024;2024_S7;POINTE NOIRE;Mongo Poukou;0;0;0;
7;2024;2024_S7;NIARI;Mossendjo;0;0;0;
7;2024;2024_S7;BRAZZAVILLE;Moungali;0;0;0;
7;2024;2024_S7;BOUENZA;Mouyondzi;0;0;0;
7;2024;2024_S7;POINTE NOIRE;Mvou-Mvou;0;0;0;
7;2024;2024_S7;KOUILOU;Mvouti-Kakamoéka;0;0;0;
7;2024;2024_S7;PLATEAUX;Ngo-Mpouya;0;0;0;
7;2024;2024_S7;POINTE NOIRE;Ngoyo;1;0;0;
7;2024;2024_S7;BOUENZA;Nkayi;0;0;0;
7;2024;2024_S7;BRAZZAVILLE;Ouenze;0;0;0;
7;2024;2024_S7;SANGHA;Ouesso;0;0;0;
7;2024;2024_S7;CUVETTE;Owando;0;0;0;
7;2024;2024_S7;CUVETTE;Oyo-Alima;0;0;0;
7;2024;2024_S7;BRAZZAVILLE;Poto-Poto;0;0;0;
7;2024;2024_S7;SANGHA;Sembé-Souanké;0;0;0;
7;2024;2024_S7;LEKOUMOU;Sibiti;0;0;0;
7;2024;2024_S7;BRAZZAVILLE;Talangai;0;0;0;
7;2024;2024_S7;POINTE NOIRE;Tchiamba Nzassi;0;0;0;
7;2024;2024_S7;POINTE NOIRE;Tié-Tié;0;0;0;
7;2024;2024_S7;LEKOUMOU;Zanaga;0;0;0;
7;2024;2024_S7;CUVETTE;Mossaka-Loukoléla;12;0;5;
8;2024;2024_S8;PLATEAUX;Abala-Allémbé;0;0;0;
8;2024;2024_S8;BRAZZAVILLE;Bacongo;0;0;0;
8;2024;2024_S8;POOL;Boko-Louingui-Loumo;0;0;0;
8;2024;2024_S8;PLATEAUX;Djambala-Lékana-Mbon;0;0;0;
8;2024;2024_S8;BRAZZAVILLE;Djiri;0;0;0;
8;2024;2024_S8;NIARI;Dolisie;0;0;0;
8;2024;2024_S8;LIKOUALA;Enyellé-Bétou;0;0;0;
8;2024;2024_S8;CUVETTE OUEST;Etoumbi;0;0;0;
8;2024;2024_S8;CUVETTE OUEST;Ewo;0;0;0;
8;2024;2024_S8;PLATEAUX;Gamboma;0;0;0;
8;2024;2024_S8;POOL;Goma Tsé-Tsé;0;0;0;
8;2024;2024_S8;KOUILOU;Hinda-Loango;0;0;0;
8;2024;2024_S8;POOL;Ignié-Ngabé-Mayama;0;0;0;
8;2024;2024_S8;BRAZZAVILLE;Ile Mbamou;0;0;0;
8;2024;2024_S8;NIARI;Kibangou;0;0;0;
8;2024;2024_S8;NIARI;Kimongo;0;0;0;
8;2024;2024_S8;POOL;Kindamba;0;0;0;
8;2024;2024_S8;POOL;Kinkala;0;0;0;
8;2024;2024_S8;POOL;Kintélé;0;0;0;
8;2024;2024_S8;POINTE NOIRE;Loandjili;0;0;0;
8;2024;2024_S8;BOUENZA;Loudima;0;0;0;
8;2024;2024_S8;BOUENZA;Loutété;0;0;0;
8;2024;2024_S8;POINTE NOIRE;Lumumba;1;0;0;
8;2024;2024_S8;BRAZZAVILLE;Madibou;0;0;0;
8;2024;2024_S8;KOUILOU;Madingo kayes - Nzambi;0;0;0;
8;2024;2024_S8;BOUENZA;Madingou;0;0;0;
8;2024;2024_S8;BRAZZAVILLE;Makelekele;2;0;0;
8;2024;2024_S8;NIARI;Mayoko;0;0;0;
8;2024;2024_S8;BRAZZAVILLE;Mfilou;0;0;0;
8;2024;2024_S8;POOL;Mindouli;0;0;0;
8;2024;2024_S8;POINTE NOIRE;Mongo Poukou;0;0;0;
8;2024;2024_S8;CUVETTE;Mossaka-Loukoléla;0;0;0;
8;2024;2024_S8;NIARI;Mossendjo;0;0;0;
8;2024;2024_S8;BRAZZAVILLE;Moungali;0;0;0;
8;2024;2024_S8;BOUENZA;Mouyondzi;0;0;0;
8;2024;2024_S8;POINTE NOIRE;Mvou-Mvou;0;0;0;
8;2024;2024_S8;KOUILOU;Mvouti-Kakamoéka;0;0;0;
8;2024;2024_S8;PLATEAUX;Ngo-Mpouya;0;0;0;
8;2024;2024_S8;POINTE NOIRE;Ngoyo;0;0;0;
8;2024;2024_S8;BOUENZA;Nkayi;0;0;0;
8;2024;2024_S8;SANGHA;Ouesso;0;0;0;
8;2024;2024_S8;CUVETTE;Owando;0;0;0;
8;2024;2024_S8;CUVETTE;Oyo-Alima;0;0;0;
8;2024;2024_S8;BRAZZAVILLE;Poto-Poto;0;0;0;
8;2024;2024_S8;SANGHA;Sembé-Souanké;0;0;0;
8;2024;2024_S8;LEKOUMOU;Sibiti;0;0;0;
8;2024;2024_S8;BRAZZAVILLE;Talangai;0;0;0;
8;2024;2024_S8;POINTE NOIRE;Tchiamba Nzassi;0;0;0;
8;2024;2024_S8;POINTE NOIRE;Tié-Tié;0;0;0;
8;2024;2024_S8;LEKOUMOU;Zanaga;0;0;0;
8;2024;2024_S8;LIKOUALA;Impfondo;3;0;2;
8;2024;2024_S8;BRAZZAVILLE;Ouenze;0;0;0;
9;2024;2024_S9;PLATEAUX;Abala-Allémbé;0;0;0;
9;2024;2024_S9;BRAZZAVILLE;Bacongo;0;0;0;
9;2024;2024_S9;POOL;Boko-Louingui-Loumo;0;0;0;
9;2024;2024_S9;PLATEAUX;Djambala-Lékana-Mbon;0;0;0;
9;2024;2024_S9;BRAZZAVILLE;Djiri;0;0;0;
9;2024;2024_S9;NIARI;Dolisie;0;0;0;
9;2024;2024_S9;LIKOUALA;Enyellé-Bétou;0;0;0;
9;2024;2024_S9;CUVETTE OUEST;Etoumbi;1;0;0;
9;2024;2024_S9;CUVETTE OUEST;Ewo;0;0;0;
9;2024;2024_S9;PLATEAUX;Gamboma;0;0;0;
9;2024;2024_S9;POOL;Goma Tsé-Tsé;0;0;0;
9;2024;2024_S9;KOUILOU;Hinda-Loango;0;0;0;
9;2024;2024_S9;POOL;Ignié-Ngabé-Mayama;0;0;0;
9;2024;2024_S9;BRAZZAVILLE;Ile Mbamou;0;0;0;
9;2024;2024_S9;LIKOUALA;Impfondo;0;0;0;
9;2024;2024_S9;NIARI;Kibangou;0;0;0;
9;2024;2024_S9;NIARI;Kimongo;0;0;0;
9;2024;2024_S9;POOL;Kindamba;0;0;0;
9;2024;2024_S9;POOL;Kinkala;0;0;0;
9;2024;2024_S9;POOL;Kintélé;0;0;0;
9;2024;2024_S9;POINTE NOIRE;Loandjili;1;0;0;
9;2024;2024_S9;BOUENZA;Loudima;0;0;0;
9;2024;2024_S9;BOUENZA;Loutété;0;0;0;
9;2024;2024_S9;POINTE NOIRE;Lumumba;0;0;0;
9;2024;2024_S9;BRAZZAVILLE;Madibou;0;0;0;
9;2024;2024_S9;KOUILOU;Madingo kayes - Nzambi;0;0;0;
9;2024;2024_S9;BOUENZA;Madingou;0;0;0;
9;2024;2024_S9;BRAZZAVILLE;Makelekele;0;0;0;
9;2024;2024_S9;NIARI;Mayoko;0;0;0;
9;2024;2024_S9;BRAZZAVILLE;Mfilou;0;0;0;
9;2024;2024_S9;POOL;Mindouli;0;0;0;
9;2024;2024_S9;POINTE NOIRE;Mongo Poukou;0;0;0;
9;2024;2024_S9;CUVETTE;Mossaka-Loukoléla;0;0;0;
9;2024;2024_S9;NIARI;Mossendjo;0;0;0;
9;2024;2024_S9;BRAZZAVILLE;Moungali;0;0;0;
9;2024;2024_S9;BOUENZA;Mouyondzi;0;0;0;
9;2024;2024_S9;POINTE NOIRE;Mvou-Mvou;0;0;0;
9;2024;2024_S9;KOUILOU;Mvouti-Kakamoéka;0;0;0;
9;2024;2024_S9;PLATEAUX;Ngo-Mpouya;0;0;0;
9;2024;2024_S9;POINTE NOIRE;Ngoyo;0;0;0;
9;2024;2024_S9;BOUENZA;Nkayi;0;0;0;
9;2024;2024_S9;SANGHA;Ouesso;0;0;0;
9;2024;2024_S9;CUVETTE;Owando;0;0;0;
9;2024;2024_S9;CUVETTE;Oyo-Alima;0;0;0;
9;2024;2024_S9;BRAZZAVILLE;Poto-Poto;0;0;0;
9;2024;2024_S9;SANGHA;Sembé-Souanké;0;0;0;
9;2024;2024_S9;LEKOUMOU;Sibiti;0;0;0;
9;2024;2024_S9;BRAZZAVILLE;Talangai;0;0;0;
9;2024;2024_S9;POINTE NOIRE;Tchiamba Nzassi;0;0;0;
9;2024;2024_S9;POINTE NOIRE;Tié-Tié;0;0;0;
9;2024;2024_S9;LEKOUMOU;Zanaga;0;0;0;
9;2024;2024_S9;BRAZZAVILLE;Ouenze;0;0;0;
10;2024;2024_S10;PLATEAUX;Abala-Allémbé;0;0;0;
10;2024;2024_S10;BRAZZAVILLE;Bacongo;0;0;0;
10;2024;2024_S10;POOL;Boko-Louingui-Loumo;0;0;0;
10;2024;2024_S10;PLATEAUX;Djambala-Lékana-Mbon;0;0;0;
10;2024;2024_S10;BRAZZAVILLE;Djiri;0;0;0;
10;2024;2024_S10;NIARI;Dolisie;0;0;0;
10;2024;2024_S10;LIKOUALA;Enyellé-Bétou;0;0;0;
10;2024;2024_S10;CUVETTE OUEST;Etoumbi;1;0;0;
10;2024;2024_S10;CUVETTE OUEST;Ewo;0;0;0;
10;2024;2024_S10;PLATEAUX;Gamboma;0;0;0;
10;2024;2024_S10;POOL;Goma Tsé-Tsé;0;0;0;
10;2024;2024_S10;KOUILOU;Hinda-Loango;0;0;0;
10;2024;2024_S10;POOL;Ignié-Ngabé-Mayama;0;0;0;
10;2024;2024_S10;BRAZZAVILLE;Ile Mbamou;0;0;0;
10;2024;2024_S10;LIKOUALA;Impfondo;0;0;0;
10;2024;2024_S10;NIARI;Kibangou;0;0;0;
10;2024;2024_S10;NIARI;Kimongo;0;0;0;
10;2024;2024_S10;POOL;Kindamba;0;0;0;
10;2024;2024_S10;POOL;Kinkala;0;0;0;
10;2024;2024_S10;POOL;Kintélé;0;0;0;
10;2024;2024_S10;POINTE NOIRE;Loandjili;0;0;0;
10;2024;2024_S10;BOUENZA;Loudima;0;0;0;
10;2024;2024_S10;BOUENZA;Loutété;0;0;0;
10;2024;2024_S10;POINTE NOIRE;Lumumba;0;0;0;
10;2024;2024_S10;BRAZZAVILLE;Madibou;0;0;0;
10;2024;2024_S10;KOUILOU;Madingo kayes - Nzambi;0;0;0;
10;2024;2024_S10;BOUENZA;Madingou;0;0;0;
10;2024;2024_S10;BRAZZAVILLE;Makelekele;0;0;0;
10;2024;2024_S10;NIARI;Mayoko;0;0;0;
10;2024;2024_S10;BRAZZAVILLE;Mfilou;0;0;0;
10;2024;2024_S10;POOL;Mindouli;0;0;0;
10;2024;2024_S10;POINTE NOIRE;Mongo Poukou;0;0;0;
10;2024;2024_S10;NIARI;Mossendjo;0;0;0;
10;2024;2024_S10;BRAZZAVILLE;Moungali;1;0;0;
10;2024;2024_S10;BOUENZA;Mouyondzi;0;0;0;
10;2024;2024_S10;POINTE NOIRE;Mvou-Mvou;0;0;0;
10;2024;2024_S10;KOUILOU;Mvouti-Kakamoéka;0;0;0;
10;2024;2024_S10;PLATEAUX;Ngo-Mpouya;0;0;0;
10;2024;2024_S10;BOUENZA;Nkayi;0;0;0;
10;2024;2024_S10;SANGHA;Ouesso;0;0;0;
10;2024;2024_S10;CUVETTE;Owando;0;0;0;
10;2024;2024_S10;BRAZZAVILLE;Poto-Poto;0;0;0;
10;2024;2024_S10;SANGHA;Sembé-Souanké;0;0;0;
10;2024;2024_S10;LEKOUMOU;Sibiti;0;0;0;
10;2024;2024_S10;BRAZZAVILLE;Talangai;0;0;0;
10;2024;2024_S10;POINTE NOIRE;Tchiamba Nzassi;0;0;0;
10;2024;2024_S10;POINTE NOIRE;Tié-Tié;0;0;0;
10;2024;2024_S10;LEKOUMOU;Zanaga;0;0;0;
10;2024;2024_S10;CUVETTE;Mossaka-Loukoléla;5;0;5;
10;2024;2024_S10;CUVETTE;Oyo-Alima;6;0;2;
10;2024;2024_S10;POINTE NOIRE;Ngoyo;1;0;1;
10;2024;2024_S10;BRAZZAVILLE;Ouenze;0;0;0;
11;2024;2024_S11;PLATEAUX;Abala-Allémbé;0;0;0;
11;2024;2024_S11;BRAZZAVILLE;Bacongo;0;0;0;
11;2024;2024_S11;POOL;Boko-Louingui-Loumo;0;0;0;
11;2024;2024_S11;PLATEAUX;Djambala-Lékana-Mbon;0;0;0;
11;2024;2024_S11;BRAZZAVILLE;Djiri;0;0;0;
11;2024;2024_S11;NIARI;Dolisie;0;0;0;
11;2024;2024_S11;LIKOUALA;Enyellé-Bétou;0;0;0;
11;2024;2024_S11;CUVETTE OUEST;Etoumbi;0;0;0;
11;2024;2024_S11;CUVETTE OUEST;Ewo;0;0;0;
11;2024;2024_S11;PLATEAUX;Gamboma;0;0;0;
11;2024;2024_S11;POOL;Goma Tsé-Tsé;0;0;0;
11;2024;2024_S11;KOUILOU;Hinda-Loango;0;0;0;
11;2024;2024_S11;POOL;Ignié-Ngabé-Mayama;0;0;0;
11;2024;2024_S11;BRAZZAVILLE;Ile Mbamou;0;0;0;
11;2024;2024_S11;LIKOUALA;Impfondo;0;0;0;
11;2024;2024_S11;NIARI;Kibangou;0;0;0;
11;2024;2024_S11;NIARI;Kimongo;0;0;0;
11;2024;2024_S11;POOL;Kindamba;0;0;0;
11;2024;2024_S11;POOL;Kinkala;0;0;0;
11;2024;2024_S11;POOL;Kintélé;0;0;0;
11;2024;2024_S11;POINTE NOIRE;Loandjili;0;0;0;
11;2024;2024_S11;BOUENZA;Loudima;0;0;0;
11;2024;2024_S11;BOUENZA;Loutété;0;0;0;
11;2024;2024_S11;POINTE NOIRE;Lumumba;1;0;0;
11;2024;2024_S11;BRAZZAVILLE;Madibou;0;0;0;
11;2024;2024_S11;KOUILOU;Madingo kayes - Nzambi;0;0;0;
11;2024;2024_S11;BOUENZA;Madingou;0;0;0;
11;2024;2024_S11;BRAZZAVILLE;Makelekele;0;0;0;
11;2024;2024_S11;NIARI;Mayoko;0;0;0;
11;2024;2024_S11;BRAZZAVILLE;Mfilou;0;0;0;
11;2024;2024_S11;POOL;Mindouli;0;0;0;
11;2024;2024_S11;POINTE NOIRE;Mongo Poukou;0;0;0;
11;2024;2024_S11;CUVETTE;Mossaka-Loukoléla;1;0;0;
11;2024;2024_S11;NIARI;Mossendjo;0;0;0;
11;2024;2024_S11;BRAZZAVILLE;Moungali;0;0;0;
11;2024;2024_S11;BOUENZA;Mouyondzi;0;0;0;
11;2024;2024_S11;POINTE NOIRE;Mvou-Mvou;1;0;0;
11;2024;2024_S11;KOUILOU;Mvouti-Kakamoéka;0;0;0;
11;2024;2024_S11;PLATEAUX;Ngo-Mpouya;0;0;0;
11;2024;2024_S11;POINTE NOIRE;Ngoyo;1;0;0;
11;2024;2024_S11;BOUENZA;Nkayi;0;0;0;
11;2024;2024_S11;SANGHA;Ouesso;0;0;0;
11;2024;2024_S11;CUVETTE;Owando;1;0;0;
11;2024;2024_S11;CUVETTE;Oyo-Alima;4;0;0;
11;2024;2024_S11;BRAZZAVILLE;Poto-Poto;0;0;0;
11;2024;2024_S11;SANGHA;Sembé-Souanké;0;0;0;
11;2024;2024_S11;LEKOUMOU;Sibiti;0;0;0;
11;2024;2024_S11;BRAZZAVILLE;Talangai;0;0;0;
11;2024;2024_S11;POINTE NOIRE;Tchiamba Nzassi;0;0;0;
11;2024;2024_S11;POINTE NOIRE;Tié-Tié;1;0;0;
11;2024;2024_S11;LEKOUMOU;Zanaga;0;0;0;
11;2024;2024_S11;BRAZZAVILLE;Ouenze;0;0;0;
12;2024;2024_S12;PLATEAUX;Abala-Allémbé;0;0;0;
12;2024;2024_S12;BRAZZAVILLE;Bacongo;0;0;0;
12;2024;2024_S12;POOL;Boko-Louingui-Loumo;0;0;0;
12;2024;2024_S12;PLATEAUX;Djambala-Lékana-Mbon;0;0;0;
12;2024;2024_S12;NIARI;Dolisie;0;0;0;
12;2024;2024_S12;LIKOUALA;Enyellé-Bétou;0;0;0;
12;2024;2024_S12;CUVETTE OUEST;Etoumbi;0;0;0;
12;2024;2024_S12;CUVETTE OUEST;Ewo;0;0;0;
12;2024;2024_S12;PLATEAUX;Gamboma;0;0;0;
12;2024;2024_S12;POOL;Goma Tsé-Tsé;0;0;0;
12;2024;2024_S12;KOUILOU;Hinda-Loango;0;0;0;
12;2024;2024_S12;POOL;Ignié-Ngabé-Mayama;0;0;0;
12;2024;2024_S12;BRAZZAVILLE;Ile Mbamou;0;0;0;
12;2024;2024_S12;LIKOUALA;Impfondo;0;0;0;
12;2024;2024_S12;NIARI;Kibangou;0;0;0;
12;2024;2024_S12;NIARI;Kimongo;0;0;0;
12;2024;2024_S12;POOL;Kindamba;0;0;0;
12;2024;2024_S12;POOL;Kinkala;0;0;0;
12;2024;2024_S12;POOL;Kintélé;0;0;0;
12;2024;2024_S12;POINTE NOIRE;Loandjili;0;0;0;
12;2024;2024_S12;BOUENZA;Loudima;0;0;0;
12;2024;2024_S12;BOUENZA;Loutété;0;0;0;
12;2024;2024_S12;POINTE NOIRE;Lumumba;0;0;0;
12;2024;2024_S12;BRAZZAVILLE;Madibou;0;0;0;
12;2024;2024_S12;KOUILOU;Madingo kayes - Nzambi;0;0;0;
12;2024;2024_S12;BOUENZA;Madingou;0;0;0;
12;2024;2024_S12;BRAZZAVILLE;Makelekele;0;0;0;
12;2024;2024_S12;NIARI;Mayoko;0;0;0;
12;2024;2024_S12;BRAZZAVILLE;Mfilou;0;0;0;
12;2024;2024_S12;POOL;Mindouli;0;0;0;
12;2024;2024_S12;POINTE NOIRE;Mongo Poukou;0;0;0;
12;2024;2024_S12;CUVETTE;Mossaka-Loukoléla;1;0;0;
12;2024;2024_S12;NIARI;Mossendjo;0;0;0;
12;2024;2024_S12;BRAZZAVILLE;Moungali;0;0;0;
12;2024;2024_S12;BOUENZA;Mouyondzi;0;0;0;
12;2024;2024_S12;POINTE NOIRE;Mvou-Mvou;0;0;0;
12;2024;2024_S12;KOUILOU;Mvouti-Kakamoéka;0;0;0;
12;2024;2024_S12;PLATEAUX;Ngo-Mpouya;0;0;0;
12;2024;2024_S12;POINTE NOIRE;Ngoyo;0;0;0;
12;2024;2024_S12;BOUENZA;Nkayi;0;0;0;
12;2024;2024_S12;SANGHA;Ouesso;0;0;0;
12;2024;2024_S12;CUVETTE;Owando;0;0;0;
12;2024;2024_S12;CUVETTE;Oyo-Alima;3;0;0;
12;2024;2024_S12;BRAZZAVILLE;Poto-Poto;0;0;0;
12;2024;2024_S12;SANGHA;Sembé-Souanké;0;0;0;
12;2024;2024_S12;LEKOUMOU;Sibiti;0;0;0;
12;2024;2024_S12;BRAZZAVILLE;Talangai;0;0;0;
12;2024;2024_S12;POINTE NOIRE;Tchiamba Nzassi;0;0;0;
12;2024;2024_S12;POINTE NOIRE;Tié-Tié;0;0;0;
12;2024;2024_S12;LEKOUMOU;Zanaga;0;0;0;
12;2024;2024_S12;BRAZZAVILLE;Ouenze;0;0;0;
13;2024;2024_S13;PLATEAUX;Abala-Allémbé;0;0;0;
13;2024;2024_S13;POOL;Boko-Louingui-Loumo;0;0;0;
13;2024;2024_S13;PLATEAUX;Djambala-Lékana-Mbon;0;0;0;
13;2024;2024_S13;BRAZZAVILLE;Djiri;0;0;0;
13;2024;2024_S13;NIARI;Dolisie;0;0;0;
13;2024;2024_S13;LIKOUALA;Enyellé-Bétou;0;0;0;
13;2024;2024_S13;CUVETTE OUEST;Etoumbi;0;0;0;
13;2024;2024_S13;CUVETTE OUEST;Ewo;0;0;0;
13;2024;2024_S13;PLATEAUX;Gamboma;0;0;0;
13;2024;2024_S13;POOL;Goma Tsé-Tsé;0;0;0;
13;2024;2024_S13;KOUILOU;Hinda-Loango;0;0;0;
13;2024;2024_S13;POOL;Ignié-Ngabé-Mayama;0;0;0;
13;2024;2024_S13;BRAZZAVILLE;Ile Mbamou;0;0;0;
13;2024;2024_S13;LIKOUALA;Impfondo;0;0;0;
13;2024;2024_S13;NIARI;Kibangou;0;0;0;
13;2024;2024_S13;NIARI;Kimongo;0;0;0;
13;2024;2024_S13;POOL;Kindamba;0;0;0;
13;2024;2024_S13;POOL;Kinkala;0;0;0;
13;2024;2024_S13;POOL;Kintélé;0;0;0;
13;2024;2024_S13;POINTE NOIRE;Loandjili;0;0;0;
13;2024;2024_S13;BOUENZA;Loudima;0;0;0;
13;2024;2024_S13;BOUENZA;Loutété;0;0;0;
13;2024;2024_S13;POINTE NOIRE;Lumumba;0;0;0;
13;2024;2024_S13;BRAZZAVILLE;Madibou;0;0;0;
13;2024;2024_S13;KOUILOU;Madingo kayes - Nzambi;0;0;0;
13;2024;2024_S13;BOUENZA;Madingou;0;0;0;
13;2024;2024_S13;BRAZZAVILLE;Makelekele;0;0;0;
13;2024;2024_S13;NIARI;Mayoko;0;0;0;
13;2024;2024_S13;BRAZZAVILLE;Mfilou;0;0;0;
13;2024;2024_S13;POOL;Mindouli;0;0;0;
13;2024;2024_S13;POINTE NOIRE;Mongo Poukou;0;0;0;
13;2024;2024_S13;CUVETTE;Mossaka-Loukoléla;0;0;0;
13;2024;2024_S13;NIARI;Mossendjo;0;0;0;
13;2024;2024_S13;BOUENZA;Mouyondzi;0;0;0;
13;2024;2024_S13;POINTE NOIRE;Mvou-Mvou;0;0;0;
13;2024;2024_S13;KOUILOU;Mvouti-Kakamoéka;0;0;0;
13;2024;2024_S13;PLATEAUX;Ngo-Mpouya;0;0;0;
13;2024;2024_S13;POINTE NOIRE;Ngoyo;0;0;0;
13;2024;2024_S13;BOUENZA;Nkayi;0;0;0;
13;2024;2024_S13;SANGHA;Ouesso;0;0;0;
13;2024;2024_S13;CUVETTE;Owando;0;0;0;
13;2024;2024_S13;CUVETTE;Oyo-Alima;0;0;0;
13;2024;2024_S13;BRAZZAVILLE;Poto-Poto;0;0;0;
13;2024;2024_S13;SANGHA;Sembé-Souanké;0;0;0;
13;2024;2024_S13;LEKOUMOU;Sibiti;0;0;0;
13;2024;2024_S13;BRAZZAVILLE;Talangai;0;0;0;
13;2024;2024_S13;POINTE NOIRE;Tchiamba Nzassi;0;0;0;
13;2024;2024_S13;POINTE NOIRE;Tié-Tié;0;0;0;
13;2024;2024_S13;LEKOUMOU;Zanaga;0;0;0;
13;2024;2024_S13;BRAZZAVILLE;Ouenze;0;0;0;
14;2024;2024_S14;PLATEAUX;Abala-Allémbé;0;0;0;
14;2024;2024_S14;BRAZZAVILLE;Bacongo;0;0;0;
14;2024;2024_S14;POOL;Boko-Louingui-Loumo;0;0;0;
14;2024;2024_S14;PLATEAUX;Djambala-Lékana-Mbon;0;0;0;
14;2024;2024_S14;BRAZZAVILLE;Djiri;0;0;0;
14;2024;2024_S14;NIARI;Dolisie;0;0;0;
14;2024;2024_S14;LIKOUALA;Enyellé-Bétou;0;0;0;
14;2024;2024_S14;CUVETTE OUEST;Etoumbi;0;0;0;
14;2024;2024_S14;CUVETTE OUEST;Ewo;0;0;0;
14;2024;2024_S14;PLATEAUX;Gamboma;0;0;0;
14;2024;2024_S14;POOL;Goma Tsé-Tsé;0;0;0;
14;2024;2024_S14;KOUILOU;Hinda-Loango;0;0;0;
14;2024;2024_S14;POOL;Ignié-Ngabé-Mayama;0;0;0;
14;2024;2024_S14;BRAZZAVILLE;Ile Mbamou;0;0;0;
14;2024;2024_S14;LIKOUALA;Impfondo;0;0;0;
14;2024;2024_S14;NIARI;Kibangou;0;0;0;
14;2024;2024_S14;NIARI;Kimongo;0;0;0;
14;2024;2024_S14;POOL;Kindamba;0;0;0;
14;2024;2024_S14;POOL;Kinkala;0;0;0;
14;2024;2024_S14;POOL;Kintélé;0;0;0;
14;2024;2024_S14;POINTE NOIRE;Loandjili;0;0;0;
14;2024;2024_S14;BOUENZA;Loudima;0;0;0;
14;2024;2024_S14;BOUENZA;Loutété;0;0;0;
14;2024;2024_S14;POINTE NOIRE;Lumumba;0;0;0;
14;2024;2024_S14;BRAZZAVILLE;Madibou;0;0;0;
14;2024;2024_S14;KOUILOU;Madingo kayes - Nzambi;0;0;0;
14;2024;2024_S14;BOUENZA;Madingou;0;0;0;
14;2024;2024_S14;BRAZZAVILLE;Makelekele;0;0;0;
14;2024;2024_S14;NIARI;Mayoko;0;0;0;
14;2024;2024_S14;BRAZZAVILLE;Mfilou;0;0;0;
14;2024;2024_S14;POOL;Mindouli;0;0;0;
14;2024;2024_S14;POINTE NOIRE;Mongo Poukou;0;0;0;
14;2024;2024_S14;CUVETTE;Mossaka-Loukoléla;1;0;0;
14;2024;2024_S14;NIARI;Mossendjo;0;0;0;
14;2024;2024_S14;BRAZZAVILLE;Moungali;0;0;0;
14;2024;2024_S14;BOUENZA;Mouyondzi;0;0;0;
14;2024;2024_S14;POINTE NOIRE;Mvou-Mvou;0;0;0;
14;2024;2024_S14;KOUILOU;Mvouti-Kakamoéka;0;0;0;
14;2024;2024_S14;PLATEAUX;Ngo-Mpouya;0;0;0;
14;2024;2024_S14;POINTE NOIRE;Ngoyo;0;0;0;
14;2024;2024_S14;BOUENZA;Nkayi;0;0;0;
14;2024;2024_S14;SANGHA;Ouesso;0;0;0;
14;2024;2024_S14;CUVETTE;Owando;0;0;0;
14;2024;2024_S14;CUVETTE;Oyo-Alima;1;0;0;
14;2024;2024_S14;BRAZZAVILLE;Poto-Poto;0;0;0;
14;2024;2024_S14;SANGHA;Sembé-Souanké;0;0;0;
14;2024;2024_S14;LEKOUMOU;Sibiti;0;0;0;
14;2024;2024_S14;BRAZZAVILLE;Talangai;0;0;0;
14;2024;2024_S14;POINTE NOIRE;Tchiamba Nzassi;0;0;0;
14;2024;2024_S14;POINTE NOIRE;Tié-Tié;0;0;0;
14;2024;2024_S14;LEKOUMOU;Zanaga;0;0;0;
14;2024;2024_S14;BRAZZAVILLE;Ouenze;0;0;0;
15;2024;2024_S15;PLATEAUX;Abala-Allémbé;0;0;0;
15;2024;2024_S15;BRAZZAVILLE;Bacongo;0;0;0;
15;2024;2024_S15;POOL;Boko-Louingui-Loumo;0;0;0;
15;2024;2024_S15;PLATEAUX;Djambala-Lékana-Mbon;0;0;0;
15;2024;2024_S15;BRAZZAVILLE;Djiri;0;0;0;
15;2024;2024_S15;NIARI;Dolisie;0;0;0;
15;2024;2024_S15;LIKOUALA;Enyellé-Bétou;0;0;0;
15;2024;2024_S15;CUVETTE OUEST;Etoumbi;0;0;0;
15;2024;2024_S15;CUVETTE OUEST;Ewo;0;0;0;
15;2024;2024_S15;PLATEAUX;Gamboma;0;0;0;
15;2024;2024_S15;POOL;Goma Tsé-Tsé;0;0;0;
15;2024;2024_S15;KOUILOU;Hinda-Loango;0;0;0;
15;2024;2024_S15;POOL;Ignié-Ngabé-Mayama;0;0;0;
15;2024;2024_S15;BRAZZAVILLE;Ile Mbamou;0;0;0;
15;2024;2024_S15;LIKOUALA;Impfondo;0;0;0;
15;2024;2024_S15;NIARI;Kibangou;0;0;0;
15;2024;2024_S15;NIARI;Kimongo;0;0;0;
15;2024;2024_S15;POOL;Kindamba;0;0;0;
15;2024;2024_S15;POOL;Kinkala;0;0;0;
15;2024;2024_S15;POOL;Kintélé;0;0;0;
15;2024;2024_S15;POINTE NOIRE;Loandjili;0;0;0;
15;2024;2024_S15;BOUENZA;Loudima;0;0;0;
15;2024;2024_S15;BOUENZA;Loutété;0;0;0;
15;2024;2024_S15;POINTE NOIRE;Lumumba;0;0;0;
15;2024;2024_S15;BRAZZAVILLE;Madibou;0;0;0;
15;2024;2024_S15;KOUILOU;Madingo kayes - Nzambi;0;0;0;
15;2024;2024_S15;BOUENZA;Madingou;0;0;0;
15;2024;2024_S15;BRAZZAVILLE;Makelekele;0;0;0;
15;2024;2024_S15;NIARI;Mayoko;0;0;0;
15;2024;2024_S15;BRAZZAVILLE;Mfilou;0;0;0;
15;2024;2024_S15;POOL;Mindouli;0;0;0;
15;2024;2024_S15;POINTE NOIRE;Mongo Poukou;0;0;0;
15;2024;2024_S15;CUVETTE;Mossaka-Loukoléla;0;0;0;
15;2024;2024_S15;NIARI;Mossendjo;0;0;0;
15;2024;2024_S15;BRAZZAVILLE;Moungali;0;0;0;
15;2024;2024_S15;BOUENZA;Mouyondzi;0;0;0;
15;2024;2024_S15;POINTE NOIRE;Mvou-Mvou;0;0;0;
15;2024;2024_S15;KOUILOU;Mvouti-Kakamoéka;0;0;0;
15;2024;2024_S15;PLATEAUX;Ngo-Mpouya;0;0;0;
15;2024;2024_S15;POINTE NOIRE;Ngoyo;0;0;0;
15;2024;2024_S15;BOUENZA;Nkayi;0;0;0;
15;2024;2024_S15;SANGHA;Ouesso;0;0;0;
15;2024;2024_S15;CUVETTE;Owando;0;0;0;
15;2024;2024_S15;CUVETTE;Oyo-Alima;0;0;0;
15;2024;2024_S15;BRAZZAVILLE;Poto-Poto;0;0;0;
15;2024;2024_S15;SANGHA;Sembé-Souanké;0;0;0;
15;2024;2024_S15;LEKOUMOU;Sibiti;0;0;0;
15;2024;2024_S15;BRAZZAVILLE;Talangai;0;0;0;
15;2024;2024_S15;POINTE NOIRE;Tchiamba Nzassi;0;0;0;
15;2024;2024_S15;POINTE NOIRE;Tié-Tié;0;0;0;
15;2024;2024_S15;LEKOUMOU;Zanaga;0;0;0;
15;2024;2024_S15;BRAZZAVILLE;Ouenze;0;0;0;
16;2024;2024_S16;PLATEAUX;Abala-Allémbé;0;0;0;
16;2024;2024_S16;BRAZZAVILLE;Bacongo;0;0;0;
16;2024;2024_S16;POOL;Boko-Louingui-Loumo;0;0;0;
16;2024;2024_S16;PLATEAUX;Djambala-Lékana-Mbon ;0;0;0;
16;2024;2024_S16;BRAZZAVILLE;Djiri;0;0;0;
16;2024;2024_S16;NIARI;Dolisie;0;0;0;
16;2024;2024_S16;LIKOUALA;Enyellé-Bétou;1;0;0;
16;2024;2024_S16;CUVETTE OUEST;Etoumbi;0;0;0;
16;2024;2024_S16;CUVETTE OUEST;Ewo;0;0;0;
16;2024;2024_S16;PLATEAUX;Gamboma;0;0;0;
16;2024;2024_S16;POOL;Goma Tsé-Tsé;0;0;0;
16;2024;2024_S16;KOUILOU;Hinda-Loango;0;0;0;
16;2024;2024_S16;POOL;Ignié-Ngabé-Mayama;0;0;0;
16;2024;2024_S16;BRAZZAVILLE;Ile Mbamou;0;0;0;
16;2024;2024_S16;LIKOUALA;Impfondo;0;0;0;
16;2024;2024_S16;NIARI;Kibangou;0;0;0;
16;2024;2024_S16;NIARI;Kimongo;0;0;0;
16;2024;2024_S16;POOL;Kindamba;0;0;0;
16;2024;2024_S16;POOL;Kinkala;0;0;0;
16;2024;2024_S16;POOL;Kintélé;0;0;0;
16;2024;2024_S16;POINTE NOIRE;Loandjili;0;0;0;
16;2024;2024_S16;BOUENZA;Loudima;0;0;0;
16;2024;2024_S16;BOUENZA;Loutété;0;0;0;
16;2024;2024_S16;POINTE NOIRE;Lumumba;0;0;0;
16;2024;2024_S16;BRAZZAVILLE;Madibou;0;0;0;
16;2024;2024_S16;KOUILOU;Madingo kayes - Nzambi;0;0;0;
16;2024;2024_S16;BOUENZA;Madingou;0;0;0;
16;2024;2024_S16;BRAZZAVILLE;Makelekele;0;0;0;
16;2024;2024_S16;NIARI;Mayoko;0;0;0;
16;2024;2024_S16;BRAZZAVILLE;Mfilou;0;0;0;
16;2024;2024_S16;POOL;Mindouli;0;0;0;
16;2024;2024_S16;POINTE NOIRE;Mongo Poukou;0;0;0;
16;2024;2024_S16;CUVETTE;Mossaka-Loukoléla;0;0;0;
16;2024;2024_S16;NIARI;Mossendjo;0;0;0;
16;2024;2024_S16;BRAZZAVILLE;Moungali;0;0;0;
16;2024;2024_S16;BOUENZA;Mouyondzi;0;0;0;
16;2024;2024_S16;POINTE NOIRE;Mvou-Mvou;0;0;0;
16;2024;2024_S16;KOUILOU;Mvouti-Kakamoéka;0;0;0;
16;2024;2024_S16;PLATEAUX;Ngo-Mpouya;0;0;0;
16;2024;2024_S16;POINTE NOIRE;Ngoyo;0;0;0;
16;2024;2024_S16;BOUENZA;Nkayi;0;0;0;
16;2024;2024_S16;SANGHA;Ouesso;0;0;0;
16;2024;2024_S16;CUVETTE;Owando;0;0;0;
16;2024;2024_S16;CUVETTE;Oyo-Alima;0;0;0;
16;2024;2024_S16;BRAZZAVILLE;Poto-Poto;0;0;0;
16;2024;2024_S16;SANGHA;Sembé-Souanké;0;0;0;
16;2024;2024_S16;LEKOUMOU;Sibiti;0;0;0;
16;2024;2024_S16;BRAZZAVILLE;Talangai;0;0;0;
16;2024;2024_S16;POINTE NOIRE;Tchiamba Nzassi;0;0;0;
16;2024;2024_S16;POINTE NOIRE;Tié-Tié;0;0;0;
16;2024;2024_S16;LEKOUMOU;Zanaga;0;0;0;
16;2024;2024_S16;BRAZZAVILLE;Ouenze;0;0;0;
17;2024;2024_S17;PLATEAUX;Abala-Allémbé;0;0;0;
17;2024;2024_S17;BRAZZAVILLE;Bacongo;0;0;0;
17;2024;2024_S17;POOL;Boko-Louingui-Loumo;0;0;0;
17;2024;2024_S17;PLATEAUX;Djambala-Lékana-Mbon ;0;0;0;
17;2024;2024_S17;BRAZZAVILLE;Djiri;0;0;0;
17;2024;2024_S17;NIARI;Dolisie;0;0;0;
17;2024;2024_S17;LIKOUALA;Enyellé-Bétou;0;0;0;
17;2024;2024_S17;CUVETTE OUEST;Etoumbi;0;0;0;
17;2024;2024_S17;CUVETTE OUEST;Ewo;0;0;0;
17;2024;2024_S17;PLATEAUX;Gamboma;0;0;0;
17;2024;2024_S17;POOL;Goma Tsé-Tsé;0;0;0;
17;2024;2024_S17;KOUILOU;Hinda-Loango;0;0;0;
17;2024;2024_S17;POOL;Ignié-Ngabé-Mayama;0;0;0;
17;2024;2024_S17;BRAZZAVILLE;Ile Mbamou;0;0;0;
17;2024;2024_S17;LIKOUALA;Impfondo;1;0;0;
17;2024;2024_S17;NIARI;Kibangou;0;0;0;
17;2024;2024_S17;NIARI;Kimongo;0;0;0;
17;2024;2024_S17;POOL;Kindamba;0;0;0;
17;2024;2024_S17;POOL;Kinkala;0;0;0;
17;2024;2024_S17;POOL;Kintélé;0;0;0;
17;2024;2024_S17;POINTE NOIRE;Loandjili;0;0;0;
17;2024;2024_S17;BOUENZA;Loudima;0;0;0;
17;2024;2024_S17;BOUENZA;Loutété;0;0;0;
17;2024;2024_S17;POINTE NOIRE;Lumumba;0;0;0;
17;2024;2024_S17;BRAZZAVILLE;Madibou;0;0;0;
17;2024;2024_S17;KOUILOU;Madingo kayes - Nzambi;0;0;0;
17;2024;2024_S17;BOUENZA;Madingou;0;0;0;
17;2024;2024_S17;BRAZZAVILLE;Makelekele;0;0;0;
17;2024;2024_S17;NIARI;Mayoko;0;0;0;
17;2024;2024_S17;BRAZZAVILLE;Mfilou;0;0;0;
17;2024;2024_S17;POOL;Mindouli;0;0;0;
17;2024;2024_S17;POINTE NOIRE;Mongo Poukou;0;0;0;
17;2024;2024_S17;CUVETTE;Mossaka-Loukoléla;0;0;0;
17;2024;2024_S17;NIARI;Mossendjo;0;0;0;
17;2024;2024_S17;BRAZZAVILLE;Moungali;0;0;0;
17;2024;2024_S17;BOUENZA;Mouyondzi;0;0;0;
17;2024;2024_S17;POINTE NOIRE;Mvou-Mvou;2;0;0;
17;2024;2024_S17;KOUILOU;Mvouti-Kakamoéka;0;0;0;
17;2024;2024_S17;PLATEAUX;Ngo-Mpouya;0;0;0;
17;2024;2024_S17;POINTE NOIRE;Ngoyo;0;0;0;
17;2024;2024_S17;BOUENZA;Nkayi;0;0;0;
17;2024;2024_S17;SANGHA;Ouesso;0;0;0;
17;2024;2024_S17;CUVETTE;Owando;0;0;0;
17;2024;2024_S17;CUVETTE;Oyo-Alima;0;0;0;
17;2024;2024_S17;BRAZZAVILLE;Poto-Poto;0;0;0;
17;2024;2024_S17;SANGHA;Sembé-Souanké;0;0;0;
17;2024;2024_S17;LEKOUMOU;Sibiti;0;0;0;
17;2024;2024_S17;BRAZZAVILLE;Talangai;0;0;0;
17;2024;2024_S17;POINTE NOIRE;Tchiamba Nzassi;0;0;0;
17;2024;2024_S17;POINTE NOIRE;Tié-Tié;0;0;0;
17;2024;2024_S17;LEKOUMOU;Zanaga;0;0;0;
17;2024;2024_S17;BRAZZAVILLE;Ouenze;0;0;0;
18;2024;2024_S18;PLATEAUX;Abala-Allémbé;0;0;0;
18;2024;2024_S18;BRAZZAVILLE;Bacongo;0;0;0;
18;2024;2024_S18;POOL;Boko-Louingui-Loumo;0;0;0;
18;2024;2024_S18;PLATEAUX;Djambala-Lékana-Mbon ;0;0;0;
18;2024;2024_S18;BRAZZAVILLE;Djiri;0;0;0;
18;2024;2024_S18;NIARI;Dolisie;1;0;0;
18;2024;2024_S18;LIKOUALA;Enyellé-Bétou;0;0;0;
18;2024;2024_S18;CUVETTE OUEST;Etoumbi;0;0;0;
18;2024;2024_S18;CUVETTE OUEST;Ewo;0;0;0;
18;2024;2024_S18;PLATEAUX;Gamboma;0;0;0;
18;2024;2024_S18;POOL;Goma Tsé-Tsé;0;0;0;
18;2024;2024_S18;KOUILOU;Hinda-Loango;0;0;0;
18;2024;2024_S18;POOL;Ignié-Ngabé-Mayama;0;0;0;
18;2024;2024_S18;BRAZZAVILLE;Ile Mbamou;0;0;0;
18;2024;2024_S18;LIKOUALA;Impfondo;0;0;0;
18;2024;2024_S18;NIARI;Kibangou;0;0;0;
18;2024;2024_S18;NIARI;Kimongo;0;0;0;
18;2024;2024_S18;POOL;Kindamba;0;0;0;
18;2024;2024_S18;POOL;Kinkala;0;0;0;
18;2024;2024_S18;POOL;Kintélé;0;0;0;
18;2024;2024_S18;POINTE NOIRE;Loandjili;3;0;0;
18;2024;2024_S18;BOUENZA;Loudima;0;0;0;
18;2024;2024_S18;BOUENZA;Loutété;0;0;0;
18;2024;2024_S18;POINTE NOIRE;Lumumba;0;0;0;
18;2024;2024_S18;BRAZZAVILLE;Madibou;0;0;0;
18;2024;2024_S18;KOUILOU;Madingo kayes - Nzambi;0;0;0;
18;2024;2024_S18;BOUENZA;Madingou;0;0;0;
18;2024;2024_S18;BRAZZAVILLE;Makelekele;0;0;0;
18;2024;2024_S18;NIARI;Mayoko;0;0;0;
18;2024;2024_S18;BRAZZAVILLE;Mfilou;0;0;0;
18;2024;2024_S18;POOL;Mindouli;0;0;0;
18;2024;2024_S18;POINTE NOIRE;Mongo Poukou;0;0;0;
18;2024;2024_S18;CUVETTE;Mossaka-Loukoléla;0;0;0;
18;2024;2024_S18;NIARI;Mossendjo;0;0;0;
18;2024;2024_S18;BRAZZAVILLE;Moungali;0;0;0;
18;2024;2024_S18;BOUENZA;Mouyondzi;0;0;0;
18;2024;2024_S18;POINTE NOIRE;Mvou-Mvou;2;0;0;
18;2024;2024_S18;KOUILOU;Mvouti-Kakamoéka;0;0;0;
18;2024;2024_S18;PLATEAUX;Ngo-Mpouya;0;0;0;
18;2024;2024_S18;POINTE NOIRE;Ngoyo;0;0;0;
18;2024;2024_S18;BOUENZA;Nkayi;0;0;0;
18;2024;2024_S18;SANGHA;Ouesso;0;0;0;
18;2024;2024_S18;CUVETTE;Owando;0;0;0;
18;2024;2024_S18;CUVETTE;Oyo-Alima;0;0;0;
18;2024;2024_S18;BRAZZAVILLE;Poto-Poto;0;0;0;
18;2024;2024_S18;SANGHA;Sembé-Souanké;0;0;0;
18;2024;2024_S18;LEKOUMOU;Sibiti;0;0;0;
18;2024;2024_S18;BRAZZAVILLE;Talangai;1;0;0;
18;2024;2024_S18;POINTE NOIRE;Tchiamba Nzassi;0;0;0;
18;2024;2024_S18;POINTE NOIRE;Tié-Tié;0;0;0;
18;2024;2024_S18;LEKOUMOU;Zanaga;0;0;0;
18;2024;2024_S18;BRAZZAVILLE;Ouenze;0;0;0;
19;2024;2024_S19;PLATEAUX;Abala-Allémbé;0;0;0;
19;2024;2024_S19;BRAZZAVILLE;Bacongo;0;0;0;
19;2024;2024_S19;POOL;Boko-Louingui-Loumo;0;0;0;
19;2024;2024_S19;PLATEAUX;Djambala-Lékana-Mbon ;0;0;0;
19;2024;2024_S19;BRAZZAVILLE;Djiri;0;0;0;
19;2024;2024_S19;NIARI;Dolisie;0;0;0;
19;2024;2024_S19;LIKOUALA;Enyellé-Bétou;0;0;0;
19;2024;2024_S19;CUVETTE OUEST;Ewo;0;0;0;
19;2024;2024_S19;PLATEAUX;Gamboma;0;0;0;
19;2024;2024_S19;POOL;Goma Tsé-Tsé;0;0;0;
19;2024;2024_S19;KOUILOU;Hinda-Loango;1;0;0;
19;2024;2024_S19;POOL;Ignié-Ngabé-Mayama;0;0;0;
19;2024;2024_S19;BRAZZAVILLE;Ile Mbamou;0;0;0;
19;2024;2024_S19;LIKOUALA;Impfondo;0;0;0;
19;2024;2024_S19;NIARI;Kibangou;0;0;0;
19;2024;2024_S19;NIARI;Kimongo;0;0;0;
19;2024;2024_S19;POOL;Kindamba;0;0;0;
19;2024;2024_S19;POOL;Kinkala;1;0;0;
19;2024;2024_S19;POOL;Kintélé;0;0;0;
19;2024;2024_S19;POINTE NOIRE;Loandjili;2;0;0;
19;2024;2024_S19;BOUENZA;Loudima;0;0;0;
19;2024;2024_S19;BOUENZA;Loutété;2;0;0;
19;2024;2024_S19;POINTE NOIRE;Lumumba;0;0;0;
19;2024;2024_S19;BRAZZAVILLE;Madibou;0;0;0;
19;2024;2024_S19;KOUILOU;Madingo kayes - Nzambi;0;0;0;
19;2024;2024_S19;BOUENZA;Madingou;0;0;0;
19;2024;2024_S19;BRAZZAVILLE;Makelekele;0;0;0;
19;2024;2024_S19;NIARI;Mayoko;0;0;0;
19;2024;2024_S19;BRAZZAVILLE;Mfilou;0;0;0;
19;2024;2024_S19;POOL;Mindouli;0;0;0;
19;2024;2024_S19;POINTE NOIRE;Mongo Poukou;0;0;0;
19;2024;2024_S19;CUVETTE;Mossaka-Loukoléla;0;0;0;
19;2024;2024_S19;NIARI;Mossendjo;0;0;0;
19;2024;2024_S19;BRAZZAVILLE;Moungali;0;0;0;
19;2024;2024_S19;BOUENZA;Mouyondzi;0;0;0;
19;2024;2024_S19;POINTE NOIRE;Mvou-Mvou;0;0;0;
19;2024;2024_S19;KOUILOU;Mvouti-Kakamoéka;0;0;0;
19;2024;2024_S19;PLATEAUX;Ngo-Mpouya;0;0;0;
19;2024;2024_S19;POINTE NOIRE;Ngoyo;0;0;0;
19;2024;2024_S19;BOUENZA;Nkayi;0;0;0;
19;2024;2024_S19;SANGHA;Ouesso;0;0;0;
19;2024;2024_S19;CUVETTE;Owando;0;0;0;
19;2024;2024_S19;CUVETTE;Oyo-Alima;0;0;0;
19;2024;2024_S19;BRAZZAVILLE;Poto-Poto;0;0;0;
19;2024;2024_S19;SANGHA;Sembé-Souanké;0;0;0;
19;2024;2024_S19;LEKOUMOU;Sibiti;0;0;0;
19;2024;2024_S19;BRAZZAVILLE;Talangai;0;0;0;
19;2024;2024_S19;POINTE NOIRE;Tchiamba Nzassi;0;0;0;
19;2024;2024_S19;POINTE NOIRE;Tié-Tié;0;0;0;
19;2024;2024_S19;LEKOUMOU;Zanaga;0;0;0;
19;2024;2024_S19;BRAZZAVILLE;Ouenze;0;0;0;
20;2024;2024_S20;PLATEAUX;Abala-Allémbé;0;0;0;
20;2024;2024_S20;BRAZZAVILLE;Bacongo;0;0;0;
20;2024;2024_S20;POOL;Boko-Louingui-Loumo;0;0;0;
20;2024;2024_S20;PLATEAUX;Djambala-Lékana-Mbon ;0;0;0;
20;2024;2024_S20;BRAZZAVILLE;Djiri;0;0;0;
20;2024;2024_S20;NIARI;Dolisie;0;0;0;
20;2024;2024_S20;LIKOUALA;Enyellé-Bétou;0;0;0;
20;2024;2024_S20;CUVETTE OUEST;Etoumbi;0;0;0;
20;2024;2024_S20;CUVETTE OUEST;Ewo;0;0;0;
20;2024;2024_S20;PLATEAUX;Gamboma;0;0;0;
20;2024;2024_S20;POOL;Goma Tsé-Tsé;0;0;0;
20;2024;2024_S20;KOUILOU;Hinda-Loango;3;0;0;
20;2024;2024_S20;POOL;Ignié-Ngabé-Mayama;0;0;0;
20;2024;2024_S20;BRAZZAVILLE;Ile Mbamou;0;0;0;
20;2024;2024_S20;LIKOUALA;Impfondo;0;0;0;
20;2024;2024_S20;NIARI;Kibangou;0;0;0;
20;2024;2024_S20;NIARI;Kimongo;0;0;0;
20;2024;2024_S20;POOL;Kindamba;2;0;0;
20;2024;2024_S20;POOL;Kinkala;1;0;0;
20;2024;2024_S20;POOL;Kintélé;0;0;0;
20;2024;2024_S20;POINTE NOIRE;Loandjili;2;0;0;
20;2024;2024_S20;BOUENZA;Loudima;0;0;0;
20;2024;2024_S20;BOUENZA;Loutété;2;0;0;
20;2024;2024_S20;POINTE NOIRE;Lumumba;0;0;0;
20;2024;2024_S20;BRAZZAVILLE;Madibou;0;0;0;
20;2024;2024_S20;KOUILOU;Madingo kayes - Nzambi;6;0;0;
20;2024;2024_S20;BOUENZA;Madingou;1;0;0;
20;2024;2024_S20;BRAZZAVILLE;Makelekele;1;0;0;
20;2024;2024_S20;NIARI;Mayoko;0;0;0;
20;2024;2024_S20;BRAZZAVILLE;Mfilou;0;0;0;
20;2024;2024_S20;POOL;Mindouli;0;0;0;
20;2024;2024_S20;POINTE NOIRE;Mongo Poukou;0;0;0;
20;2024;2024_S20;CUVETTE;Mossaka-Loukoléla;0;0;0;
20;2024;2024_S20;NIARI;Mossendjo;0;0;0;
20;2024;2024_S20;BRAZZAVILLE;Moungali;0;0;0;
20;2024;2024_S20;BOUENZA;Mouyondzi;0;0;0;
20;2024;2024_S20;POINTE NOIRE;Mvou-Mvou;0;0;0;
20;2024;2024_S20;KOUILOU;Mvouti-Kakamoéka;0;0;0;
20;2024;2024_S20;PLATEAUX;Ngo-Mpouya;0;0;0;
20;2024;2024_S20;POINTE NOIRE;Ngoyo;0;0;0;
20;2024;2024_S20;BOUENZA;Nkayi;0;0;0;
20;2024;2024_S20;SANGHA;Ouesso;0;0;0;
20;2024;2024_S20;CUVETTE;Owando;0;0;0;
20;2024;2024_S20;CUVETTE;Oyo-Alima;0;0;0;
20;2024;2024_S20;BRAZZAVILLE;Poto-Poto;0;0;0;
20;2024;2024_S20;SANGHA;Sembé-Souanké;0;0;0;
20;2024;2024_S20;LEKOUMOU;Sibiti;0;0;0;
20;2024;2024_S20;BRAZZAVILLE;Talangai;0;0;0;
20;2024;2024_S20;POINTE NOIRE;Tchiamba Nzassi;0;0;0;
20;2024;2024_S20;POINTE NOIRE;Tié-Tié;0;0;0;
20;2024;2024_S20;LEKOUMOU;Zanaga;0;0;0;
20;2024;2024_S20;BRAZZAVILLE;Ouenze;0;0;0;
21;2024;2024_S21;PLATEAUX;Abala-Allémbé;0;0;0;
21;2024;2024_S21;BRAZZAVILLE;Bacongo;0;0;0;
21;2024;2024_S21;POOL;Boko-Louingui-Loumo;0;0;0;
21;2024;2024_S21;PLATEAUX;Djambala-Lékana-Mbon ;0;0;0;
21;2024;2024_S21;BRAZZAVILLE;Djiri;0;0;0;
21;2024;2024_S21;NIARI;Dolisie;0;0;0;
21;2024;2024_S21;LIKOUALA;Enyellé-Bétou;0;0;0;
21;2024;2024_S21;CUVETTE OUEST;Etoumbi;0;0;0;
21;2024;2024_S21;CUVETTE OUEST;Ewo;0;0;0;
21;2024;2024_S21;PLATEAUX;Gamboma;0;0;0;
21;2024;2024_S21;POOL;Goma Tsé-Tsé;0;0;0;
21;2024;2024_S21;KOUILOU;Hinda-Loango;0;0;0;
21;2024;2024_S21;POOL;Ignié-Ngabé-Mayama;0;0;0;
21;2024;2024_S21;BRAZZAVILLE;Ile Mbamou;0;0;0;
21;2024;2024_S21;LIKOUALA;Impfondo;0;0;0;
21;2024;2024_S21;NIARI;Kibangou;0;0;0;
21;2024;2024_S21;NIARI;Kimongo;0;0;0;
21;2024;2024_S21;POOL;Kindamba;0;0;0;
21;2024;2024_S21;POOL;Kinkala;0;0;0;
21;2024;2024_S21;POOL;Kintélé;0;0;0;
21;2024;2024_S21;POINTE NOIRE;Loandjili;0;0;0;
21;2024;2024_S21;BOUENZA;Loudima;0;0;0;
21;2024;2024_S21;BOUENZA;Loutété;0;0;0;
21;2024;2024_S21;POINTE NOIRE;Lumumba;0;0;0;
21;2024;2024_S21;BRAZZAVILLE;Madibou;0;0;0;
21;2024;2024_S21;KOUILOU;Madingo kayes - Nzambi;2;0;0;
21;2024;2024_S21;BOUENZA;Madingou;0;0;0;
21;2024;2024_S21;BRAZZAVILLE;Makelekele;0;0;0;
21;2024;2024_S21;NIARI;Mayoko;0;0;0;
21;2024;2024_S21;BRAZZAVILLE;Mfilou;0;0;0;
21;2024;2024_S21;POOL;Mindouli;0;0;0;
21;2024;2024_S21;POINTE NOIRE;Mongo Poukou;0;0;0;
21;2024;2024_S21;CUVETTE;Mossaka-Loukoléla;1;0;0;
21;2024;2024_S21;NIARI;Mossendjo;0;0;0;
21;2024;2024_S21;BRAZZAVILLE;Moungali;0;0;0;
21;2024;2024_S21;BOUENZA;Mouyondzi;0;0;0;
21;2024;2024_S21;POINTE NOIRE;Mvou-Mvou;0;0;0;
21;2024;2024_S21;KOUILOU;Mvouti-Kakamoéka;0;0;0;
21;2024;2024_S21;PLATEAUX;Ngo-Mpouya;0;0;0;
21;2024;2024_S21;POINTE NOIRE;Ngoyo;0;0;0;
21;2024;2024_S21;BOUENZA;Nkayi;0;0;0;
21;2024;2024_S21;SANGHA;Ouesso;0;0;0;
21;2024;2024_S21;CUVETTE;Owando;0;0;0;
21;2024;2024_S21;CUVETTE;Oyo-Alima;0;0;0;
21;2024;2024_S21;BRAZZAVILLE;Poto-Poto;0;0;0;
21;2024;2024_S21;SANGHA;Sembé-Souanké;0;0;0;
21;2024;2024_S21;LEKOUMOU;Sibiti;0;0;0;
21;2024;2024_S21;BRAZZAVILLE;Talangai;0;0;0;
21;2024;2024_S21;POINTE NOIRE;Tchiamba Nzassi;0;0;0;
21;2024;2024_S21;POINTE NOIRE;Tié-Tié;0;0;0;
21;2024;2024_S21;LEKOUMOU;Zanaga;0;0;0;
21;2024;2024_S21;BRAZZAVILLE;Ouenze;0;0;0;
22;2024;2024_S22;PLATEAUX;Abala-Allémbé;0;0;0;
22;2024;2024_S22;BRAZZAVILLE;Bacongo;0;0;0;
22;2024;2024_S22;POOL;Boko-Louingui-Loumo;0;0;0;
22;2024;2024_S22;PLATEAUX;Djambala-Lékana-Mbon ;0;0;0;
22;2024;2024_S22;BRAZZAVILLE;Djiri;0;0;0;
22;2024;2024_S22;NIARI;Dolisie;0;0;0;
22;2024;2024_S22;LIKOUALA;Enyellé-Bétou;0;0;0;
22;2024;2024_S22;CUVETTE OUEST;Etoumbi;0;0;0;
22;2024;2024_S22;CUVETTE OUEST;Ewo;0;0;0;
22;2024;2024_S22;PLATEAUX;Gamboma;0;0;0;
22;2024;2024_S22;POOL;Goma Tsé-Tsé;0;0;0;
22;2024;2024_S22;KOUILOU;Hinda-Loango;0;0;0;
22;2024;2024_S22;POOL;Ignié-Ngabé-Mayama;0;0;0;
22;2024;2024_S22;BRAZZAVILLE;Ile Mbamou;0;0;0;
22;2024;2024_S22;LIKOUALA;Impfondo;0;0;0;
22;2024;2024_S22;NIARI;Kibangou;0;0;0;
22;2024;2024_S22;NIARI;Kimongo;0;0;0;
22;2024;2024_S22;POOL;Kindamba;0;0;0;
22;2024;2024_S22;POOL;Kinkala;0;0;0;
22;2024;2024_S22;POOL;Kintélé;0;0;0;
22;2024;2024_S22;POINTE NOIRE;Loandjili;0;0;0;
22;2024;2024_S22;BOUENZA;Loudima;0;0;0;
22;2024;2024_S22;BOUENZA;Loutété;0;0;0;
22;2024;2024_S22;POINTE NOIRE;Lumumba;1;0;0;
22;2024;2024_S22;BRAZZAVILLE;Madibou;0;0;0;
22;2024;2024_S22;KOUILOU;Madingo kayes - Nzambi;0;0;0;
22;2024;2024_S22;BOUENZA;Madingou;0;0;0;
22;2024;2024_S22;BRAZZAVILLE;Makelekele;0;0;0;
22;2024;2024_S22;NIARI;Mayoko;0;0;0;
22;2024;2024_S22;BRAZZAVILLE;Mfilou;0;0;0;
22;2024;2024_S22;POOL;Mindouli;0;0;0;
22;2024;2024_S22;POINTE NOIRE;Mongo Poukou;0;0;0;
22;2024;2024_S22;CUVETTE;Mossaka-Loukoléla;0;0;0;
22;2024;2024_S22;NIARI;Mossendjo;0;0;0;
22;2024;2024_S22;BRAZZAVILLE;Moungali;0;0;0;
22;2024;2024_S22;BOUENZA;Mouyondzi;0;0;0;
22;2024;2024_S22;POINTE NOIRE;Mvou-Mvou;0;0;0;
22;2024;2024_S22;KOUILOU;Mvouti-Kakamoéka;0;0;0;
22;2024;2024_S22;PLATEAUX;Ngo-Mpouya;0;0;0;
22;2024;2024_S22;POINTE NOIRE;Ngoyo;0;0;0;
22;2024;2024_S22;BOUENZA;Nkayi;0;0;0;
22;2024;2024_S22;SANGHA;Ouesso;0;0;0;
22;2024;2024_S22;CUVETTE;Owando;0;0;0;
22;2024;2024_S22;CUVETTE;Oyo-Alima;0;0;0;
22;2024;2024_S22;BRAZZAVILLE;Poto-Poto;0;0;0;
22;2024;2024_S22;SANGHA;Sembé-Souanké;0;0;0;
22;2024;2024_S22;LEKOUMOU;Sibiti;0;0;0;
22;2024;2024_S22;BRAZZAVILLE;Talangai;1;0;0;
22;2024;2024_S22;POINTE NOIRE;Tchiamba Nzassi;0;0;0;
22;2024;2024_S22;POINTE NOIRE;Tié-Tié;0;0;0;
22;2024;2024_S22;LEKOUMOU;Zanaga;0;0;0;
22;2024;2024_S22;BRAZZAVILLE;Ouenze;0;0;0;
23;2024;2024_S23;PLATEAUX;Abala-Allémbé;0;0;0;
23;2024;2024_S23;BRAZZAVILLE;Bacongo;0;0;0;
23;2024;2024_S23;POOL;Boko-Louingui-Loumo;0;0;0;
23;2024;2024_S23;PLATEAUX;Djambala-Lékana-Mbon ;0;0;0;
23;2024;2024_S23;BRAZZAVILLE;Djiri;0;0;0;
23;2024;2024_S23;NIARI;Dolisie;0;0;0;
23;2024;2024_S23;LIKOUALA;Enyellé-Bétou;1;0;0;
23;2024;2024_S23;CUVETTE OUEST;Etoumbi;0;0;0;
23;2024;2024_S23;CUVETTE OUEST;Ewo;0;0;0;
23;2024;2024_S23;PLATEAUX;Gamboma;0;0;0;
23;2024;2024_S23;POOL;Goma Tsé-Tsé;0;0;0;
23;2024;2024_S23;KOUILOU;Hinda-Loango;1;0;0;
23;2024;2024_S23;POOL;Ignié-Ngabé-Mayama;0;0;0;
23;2024;2024_S23;BRAZZAVILLE;Ile Mbamou;0;0;0;
23;2024;2024_S23;LIKOUALA;Impfondo;0;0;0;
23;2024;2024_S23;NIARI;Kibangou;0;0;0;
23;2024;2024_S23;NIARI;Kimongo;0;0;0;
23;2024;2024_S23;POOL;Kindamba;0;0;0;
23;2024;2024_S23;POOL;Kinkala;0;0;0;
23;2024;2024_S23;POOL;Kintélé;0;0;0;
23;2024;2024_S23;POINTE NOIRE;Loandjili;0;0;0;
23;2024;2024_S23;BOUENZA;Loudima;0;0;0;
23;2024;2024_S23;BOUENZA;Loutété;0;0;0;
23;2024;2024_S23;POINTE NOIRE;Lumumba;0;0;0;
23;2024;2024_S23;BRAZZAVILLE;Madibou;0;0;0;
23;2024;2024_S23;KOUILOU;Madingo kayes - Nzambi;0;0;0;
23;2024;2024_S23;BOUENZA;Madingou;0;0;0;
23;2024;2024_S23;BRAZZAVILLE;Makelekele;0;0;0;
23;2024;2024_S23;NIARI;Mayoko;0;0;0;
23;2024;2024_S23;BRAZZAVILLE;Mfilou;0;0;0;
23;2024;2024_S23;POOL;Mindouli;0;0;0;
23;2024;2024_S23;POINTE NOIRE;Mongo Poukou;0;0;0;
23;2024;2024_S23;CUVETTE;Mossaka-Loukoléla;0;0;0;
23;2024;2024_S23;NIARI;Mossendjo;0;0;0;
23;2024;2024_S23;BRAZZAVILLE;Moungali;0;0;0;
23;2024;2024_S23;BOUENZA;Mouyondzi;0;0;0;
23;2024;2024_S23;POINTE NOIRE;Mvou-Mvou;1;0;0;
23;2024;2024_S23;KOUILOU;Mvouti-Kakamoéka;0;0;0;
23;2024;2024_S23;PLATEAUX;Ngo-Mpouya;0;0;0;
23;2024;2024_S23;POINTE NOIRE;Ngoyo;0;0;0;
23;2024;2024_S23;BOUENZA;Nkayi;0;0;0;
23;2024;2024_S23;SANGHA;Ouesso;0;0;0;
23;2024;2024_S23;CUVETTE;Owando;0;0;0;
23;2024;2024_S23;CUVETTE;Oyo-Alima;0;0;0;
23;2024;2024_S23;BRAZZAVILLE;Poto-Poto;0;0;0;
23;2024;2024_S23;SANGHA;Sembé-Souanké;0;0;0;
23;2024;2024_S23;LEKOUMOU;Sibiti;0;0;0;
23;2024;2024_S23;BRAZZAVILLE;Talangai;0;0;0;
23;2024;2024_S23;POINTE NOIRE;Tchiamba Nzassi;0;0;0;
23;2024;2024_S23;POINTE NOIRE;Tié-Tié;0;0;0;
23;2024;2024_S23;LEKOUMOU;Zanaga;0;0;0;
23;2024;2024_S23;BRAZZAVILLE;Ouenze;0;0;0;
24;2024;2024_S24;PLATEAUX;Abala-Allémbé;0;0;0;
24;2024;2024_S24;BRAZZAVILLE;Bacongo;0;0;0;
24;2024;2024_S24;POOL;Boko-Louingui-Loumo;0;0;0;
24;2024;2024_S24;PLATEAUX;Djambala-Lékana-Mbon ;0;0;0;
24;2024;2024_S24;BRAZZAVILLE;Djiri;0;0;0;
24;2024;2024_S24;NIARI;Dolisie;0;0;0;
24;2024;2024_S24;LIKOUALA;Enyellé-Bétou;0;0;0;
24;2024;2024_S24;CUVETTE OUEST;Etoumbi;0;0;0;
24;2024;2024_S24;CUVETTE OUEST;Ewo;0;0;0;
24;2024;2024_S24;PLATEAUX;Gamboma;0;0;0;
24;2024;2024_S24;POOL;Goma Tsé-Tsé;0;0;0;
24;2024;2024_S24;KOUILOU;Hinda-Loango;0;0;0;
24;2024;2024_S24;POOL;Ignié-Ngabé-Mayama;0;0;0;
24;2024;2024_S24;BRAZZAVILLE;Ile Mbamou;0;0;0;
24;2024;2024_S24;LIKOUALA;Impfondo;0;0;0;
24;2024;2024_S24;NIARI;Kibangou;0;0;0;
24;2024;2024_S24;NIARI;Kimongo;0;0;0;
24;2024;2024_S24;POOL;Kindamba;0;0;0;
24;2024;2024_S24;POOL;Kinkala;0;0;0;
24;2024;2024_S24;POOL;Kintélé;0;0;0;
24;2024;2024_S24;POINTE NOIRE;Loandjili;0;0;0;
24;2024;2024_S24;BOUENZA;Loudima;0;0;0;
24;2024;2024_S24;BOUENZA;Loutété;0;0;0;
24;2024;2024_S24;POINTE NOIRE;Lumumba;0;0;0;
24;2024;2024_S24;BRAZZAVILLE;Madibou;0;0;0;
24;2024;2024_S24;KOUILOU;Madingo kayes - Nzambi;0;0;0;
24;2024;2024_S24;BOUENZA;Madingou;1;0;0;
24;2024;2024_S24;BRAZZAVILLE;Makelekele;0;0;0;
24;2024;2024_S24;NIARI;Mayoko;0;0;0;
24;2024;2024_S24;BRAZZAVILLE;Mfilou;0;0;0;
24;2024;2024_S24;POOL;Mindouli;0;0;0;
24;2024;2024_S24;POINTE NOIRE;Mongo Poukou;0;0;0;
24;2024;2024_S24;CUVETTE;Mossaka-Loukoléla;0;0;0;
24;2024;2024_S24;NIARI;Mossendjo;0;0;0;
24;2024;2024_S24;BRAZZAVILLE;Moungali;0;0;0;
24;2024;2024_S24;BOUENZA;Mouyondzi;0;0;0;
24;2024;2024_S24;POINTE NOIRE;Mvou-Mvou;0;0;0;
24;2024;2024_S24;KOUILOU;Mvouti-Kakamoéka;0;0;0;
24;2024;2024_S24;PLATEAUX;Ngo-Mpouya;0;0;0;
24;2024;2024_S24;POINTE NOIRE;Ngoyo;0;0;0;
24;2024;2024_S24;BOUENZA;Nkayi;0;0;0;
24;2024;2024_S24;SANGHA;Ouesso;0;0;0;
24;2024;2024_S24;CUVETTE;Owando;0;0;0;
24;2024;2024_S24;CUVETTE;Oyo-Alima;0;0;0;
24;2024;2024_S24;BRAZZAVILLE;Poto-Poto;0;0;0;
24;2024;2024_S24;SANGHA;Sembé-Souanké;1;0;0;
24;2024;2024_S24;LEKOUMOU;Sibiti;0;0;0;
24;2024;2024_S24;BRAZZAVILLE;Talangai;0;0;0;
24;2024;2024_S24;POINTE NOIRE;Tchiamba Nzassi;0;0;0;
24;2024;2024_S24;POINTE NOIRE;Tié-Tié;0;0;0;
24;2024;2024_S24;LEKOUMOU;Zanaga;0;0;0;
24;2024;2024_S24;BRAZZAVILLE;Ouenze;0;0;0;
25;2024;2024_S25;PLATEAUX;Abala-Allémbé;0;0;0;
25;2024;2024_S25;BRAZZAVILLE;Bacongo;0;0;0;
25;2024;2024_S25;POOL;Boko-Louingui-Loumo;0;0;0;
25;2024;2024_S25;PLATEAUX;Djambala-Lékana-Mbon ;0;0;0;
25;2024;2024_S25;BRAZZAVILLE;Djiri;0;0;0;
25;2024;2024_S25;NIARI;Dolisie;0;0;0;
25;2024;2024_S25;LIKOUALA;Enyellé-Bétou;0;0;0;
25;2024;2024_S25;CUVETTE OUEST;Etoumbi;0;0;0;
25;2024;2024_S25;CUVETTE OUEST;Ewo;0;0;0;
25;2024;2024_S25;PLATEAUX;Gamboma;0;0;0;
25;2024;2024_S25;POOL;Goma Tsé-Tsé;0;0;0;
25;2024;2024_S25;KOUILOU;Hinda-Loango;0;0;0;
25;2024;2024_S25;POOL;Ignié-Ngabé-Mayama;0;0;0;
25;2024;2024_S25;BRAZZAVILLE;Ile Mbamou;0;0;0;
25;2024;2024_S25;LIKOUALA;Impfondo;0;0;0;
25;2024;2024_S25;NIARI;Kibangou;0;0;0;
25;2024;2024_S25;NIARI;Kimongo;0;0;0;
25;2024;2024_S25;POOL;Kindamba;0;0;0;
25;2024;2024_S25;POOL;Kinkala;0;0;0;
25;2024;2024_S25;POOL;Kintélé;0;0;0;
25;2024;2024_S25;POINTE NOIRE;Loandjili;0;0;0;
25;2024;2024_S25;BOUENZA;Loudima;0;0;0;
25;2024;2024_S25;BOUENZA;Loutété;0;0;0;
25;2024;2024_S25;POINTE NOIRE;Lumumba;0;0;0;
25;2024;2024_S25;BRAZZAVILLE;Madibou;0;0;0;
25;2024;2024_S25;KOUILOU;Madingo kayes - Nzambi;2;0;0;
25;2024;2024_S25;BOUENZA;Madingou;0;0;0;
25;2024;2024_S25;BRAZZAVILLE;Makelekele;0;0;0;
25;2024;2024_S25;NIARI;Mayoko;0;0;0;
25;2024;2024_S25;BRAZZAVILLE;Mfilou;0;0;0;
25;2024;2024_S25;POOL;Mindouli;0;0;0;
25;2024;2024_S25;POINTE NOIRE;Mongo Poukou;0;0;0;
25;2024;2024_S25;CUVETTE;Mossaka-Loukoléla;0;0;0;
25;2024;2024_S25;NIARI;Mossendjo;0;0;0;
25;2024;2024_S25;BRAZZAVILLE;Moungali;0;0;0;
25;2024;2024_S25;BOUENZA;Mouyondzi;0;0;0;
25;2024;2024_S25;POINTE NOIRE;Mvou-Mvou;1;0;0;
25;2024;2024_S25;KOUILOU;Mvouti-Kakamoéka;0;0;0;
25;2024;2024_S25;PLATEAUX;Ngo-Mpouya;0;0;0;
25;2024;2024_S25;POINTE NOIRE;Ngoyo;0;0;0;
25;2024;2024_S25;BOUENZA;Nkayi;0;0;0;
25;2024;2024_S25;SANGHA;Ouesso;0;0;0;
25;2024;2024_S25;CUVETTE;Owando;0;0;0;
25;2024;2024_S25;CUVETTE;Oyo-Alima;0;0;0;
25;2024;2024_S25;BRAZZAVILLE;Poto-Poto;0;0;0;
25;2024;2024_S25;SANGHA;Sembé-Souanké;0;0;0;
25;2024;2024_S25;LEKOUMOU;Sibiti;0;0;0;
25;2024;2024_S25;BRAZZAVILLE;Talangai;0;0;0;
25;2024;2024_S25;POINTE NOIRE;Tchiamba Nzassi;0;0;0;
25;2024;2024_S25;POINTE NOIRE;Tié-Tié;0;0;0;
25;2024;2024_S25;LEKOUMOU;Zanaga;0;0;0;
25;2024;2024_S25;BRAZZAVILLE;Ouenze;0;0;0;
26;2024;2024_S26;PLATEAUX;Abala-Allémbé;0;0;0;
26;2024;2024_S26;BRAZZAVILLE;Bacongo;0;0;0;
26;2024;2024_S26;POOL;Boko-Louingui-Loumo;0;0;0;
26;2024;2024_S26;PLATEAUX;Djambala-Lékana-Mbon ;0;0;0;
26;2024;2024_S26;BRAZZAVILLE;Djiri;0;0;0;
26;2024;2024_S26;NIARI;Dolisie;0;0;0;
26;2024;2024_S26;LIKOUALA;Enyellé-Bétou;0;0;0;
26;2024;2024_S26;CUVETTE OUEST;Etoumbi;0;0;0;
26;2024;2024_S26;CUVETTE OUEST;Ewo;0;0;0;
26;2024;2024_S26;PLATEAUX;Gamboma;0;0;0;
26;2024;2024_S26;POOL;Goma Tsé-Tsé;0;0;0;
26;2024;2024_S26;KOUILOU;Hinda-Loango;0;0;0;
26;2024;2024_S26;POOL;Ignié-Ngabé-Mayama;0;0;0;
26;2024;2024_S26;BRAZZAVILLE;Ile Mbamou;0;0;0;
26;2024;2024_S26;LIKOUALA;Impfondo;0;0;0;
26;2024;2024_S26;NIARI;Kibangou;0;0;0;
26;2024;2024_S26;NIARI;Kimongo;0;0;0;
26;2024;2024_S26;POOL;Kindamba;0;0;0;
26;2024;2024_S26;POOL;Kinkala;0;0;0;
26;2024;2024_S26;POOL;Kintélé;0;0;0;
26;2024;2024_S26;POINTE NOIRE;Loandjili;0;0;0;
26;2024;2024_S26;BOUENZA;Loudima;0;0;0;
26;2024;2024_S26;BOUENZA;Loutété;0;0;0;
26;2024;2024_S26;POINTE NOIRE;Lumumba;0;0;0;
26;2024;2024_S26;BRAZZAVILLE;Madibou;0;0;0;
26;2024;2024_S26;KOUILOU;Madingo kayes - Nzambi;0;0;0;
26;2024;2024_S26;BOUENZA;Madingou;0;0;0;
26;2024;2024_S26;BRAZZAVILLE;Makelekele;0;0;0;
26;2024;2024_S26;NIARI;Mayoko;0;0;0;
26;2024;2024_S26;BRAZZAVILLE;Mfilou;0;0;0;
26;2024;2024_S26;POOL;Mindouli;0;0;0;
26;2024;2024_S26;POINTE NOIRE;Mongo Poukou;0;0;0;
26;2024;2024_S26;CUVETTE;Mossaka-Loukoléla;0;0;0;
26;2024;2024_S26;NIARI;Mossendjo;0;0;0;
26;2024;2024_S26;BRAZZAVILLE;Moungali;0;0;0;
26;2024;2024_S26;BOUENZA;Mouyondzi;0;0;0;
26;2024;2024_S26;POINTE NOIRE;Mvou-Mvou;0;0;0;
26;2024;2024_S26;KOUILOU;Mvouti-Kakamoéka;0;0;0;
26;2024;2024_S26;PLATEAUX;Ngo-Mpouya;0;0;0;
26;2024;2024_S26;POINTE NOIRE;Ngoyo;0;0;0;
26;2024;2024_S26;BOUENZA;Nkayi;0;0;0;
26;2024;2024_S26;SANGHA;Ouesso;0;0;0;
26;2024;2024_S26;CUVETTE;Owando;0;0;0;
26;2024;2024_S26;CUVETTE;Oyo-Alima;0;0;0;
26;2024;2024_S26;BRAZZAVILLE;Poto-Poto;0;0;0;
26;2024;2024_S26;SANGHA;Sembé-Souanké;0;0;0;
26;2024;2024_S26;LEKOUMOU;Sibiti;0;0;0;
26;2024;2024_S26;BRAZZAVILLE;Talangai;0;0;0;
26;2024;2024_S26;POINTE NOIRE;Tchiamba Nzassi;0;0;0;
26;2024;2024_S26;POINTE NOIRE;Tié-Tié;0;0;0;
26;2024;2024_S26;LEKOUMOU;Zanaga;0;0;0;
26;2024;2024_S26;BRAZZAVILLE;Ouenze;0;0;0;
27;2024;2024_S27;PLATEAUX;Abala-Allémbé;0;0;0;
27;2024;2024_S27;BRAZZAVILLE;Bacongo;0;0;0;
27;2024;2024_S27;POOL;Boko-Louingui-Loumo;0;0;0;
27;2024;2024_S27;PLATEAUX;Djambala-Lékana-Mbon ;0;0;0;
27;2024;2024_S27;BRAZZAVILLE;Djiri;0;0;0;
27;2024;2024_S27;NIARI;Dolisie;0;0;0;
27;2024;2024_S27;LIKOUALA;Enyellé-Bétou;0;0;0;
27;2024;2024_S27;CUVETTE OUEST;Etoumbi;0;0;0;
27;2024;2024_S27;CUVETTE OUEST;Ewo;0;0;0;
27;2024;2024_S27;PLATEAUX;Gamboma;0;0;0;
27;2024;2024_S27;POOL;Goma Tsé-Tsé;0;0;0;
27;2024;2024_S27;KOUILOU;Hinda-Loango;0;0;0;
27;2024;2024_S27;POOL;Ignié-Ngabé-Mayama;0;0;0;
27;2024;2024_S27;BRAZZAVILLE;Ile Mbamou;0;0;0;
27;2024;2024_S27;LIKOUALA;Impfondo;0;0;0;
27;2024;2024_S27;NIARI;Kibangou;0;0;0;
27;2024;2024_S27;NIARI;Kimongo;0;0;0;
27;2024;2024_S27;POOL;Kindamba;0;0;0;
27;2024;2024_S27;POOL;Kinkala;0;0;0;
27;2024;2024_S27;POOL;Kintélé;0;0;0;
27;2024;2024_S27;POINTE NOIRE;Loandjili;0;0;0;
27;2024;2024_S27;BOUENZA;Loudima;0;0;0;
27;2024;2024_S27;BOUENZA;Loutété;0;0;0;
27;2024;2024_S27;POINTE NOIRE;Lumumba;0;0;0;
27;2024;2024_S27;BRAZZAVILLE;Madibou;0;0;0;
27;2024;2024_S27;KOUILOU;Madingo kayes - Nzambi;0;0;0;
27;2024;2024_S27;BOUENZA;Madingou;0;0;0;
27;2024;2024_S27;BRAZZAVILLE;Makelekele;0;0;0;
27;2024;2024_S27;NIARI;Mayoko;0;0;0;
27;2024;2024_S27;BRAZZAVILLE;Mfilou;0;0;0;
27;2024;2024_S27;POOL;Mindouli;0;0;0;
27;2024;2024_S27;POINTE NOIRE;Mongo Poukou;0;0;0;
27;2024;2024_S27;CUVETTE;Mossaka-Loukoléla;0;0;0;
27;2024;2024_S27;NIARI;Mossendjo;0;0;0;
27;2024;2024_S27;BRAZZAVILLE;Moungali;0;0;0;
27;2024;2024_S27;BOUENZA;Mouyondzi;0;0;0;
27;2024;2024_S27;POINTE NOIRE;Mvou-Mvou;0;0;0;
27;2024;2024_S27;KOUILOU;Mvouti-Kakamoéka;0;0;0;
27;2024;2024_S27;PLATEAUX;Ngo-Mpouya;0;0;0;
27;2024;2024_S27;POINTE NOIRE;Ngoyo;0;0;0;
27;2024;2024_S27;BOUENZA;Nkayi;0;0;0;
27;2024;2024_S27;SANGHA;Ouesso;0;0;0;
27;2024;2024_S27;CUVETTE;Owando;1;0;0;
27;2024;2024_S27;CUVETTE;Oyo-Alima;0;0;0;
27;2024;2024_S27;BRAZZAVILLE;Poto-Poto;0;0;0;
27;2024;2024_S27;SANGHA;Sembé-Souanké;0;0;0;
27;2024;2024_S27;LEKOUMOU;Sibiti;0;0;0;
27;2024;2024_S27;BRAZZAVILLE;Talangai;0;0;0;
27;2024;2024_S27;POINTE NOIRE;Tchiamba Nzassi;0;0;0;
27;2024;2024_S27;POINTE NOIRE;Tié-Tié;0;0;0;
27;2024;2024_S27;LEKOUMOU;Zanaga;0;0;0;
27;2024;2024_S27;BRAZZAVILLE;Ouenze;0;0;0;
28;2024;2024_S28;PLATEAUX;Abala-Allémbé;0;0;0;
28;2024;2024_S28;BRAZZAVILLE;Bacongo;0;0;0;
28;2024;2024_S28;POOL;Boko-Louingui-Loumo;0;0;0;
28;2024;2024_S28;PLATEAUX;Djambala-Lékana-Mbon ;0;0;0;
28;2024;2024_S28;BRAZZAVILLE;Djiri;0;0;0;
28;2024;2024_S28;NIARI;Dolisie;0;0;0;
28;2024;2024_S28;LIKOUALA;Enyellé-Bétou;0;0;0;
28;2024;2024_S28;CUVETTE OUEST;Ewo;0;0;0;
28;2024;2024_S28;PLATEAUX;Gamboma;0;0;0;
28;2024;2024_S28;POOL;Goma Tsé-Tsé;0;0;0;
28;2024;2024_S28;KOUILOU;Hinda-Loango;0;0;0;
28;2024;2024_S28;POOL;Ignié-Ngabé-Mayama;0;0;0;
28;2024;2024_S28;BRAZZAVILLE;Ile Mbamou;0;0;0;
28;2024;2024_S28;LIKOUALA;Impfondo;0;0;0;
28;2024;2024_S28;NIARI;Kibangou;0;0;0;
28;2024;2024_S28;NIARI;Kimongo;0;0;0;
28;2024;2024_S28;POOL;Kindamba;0;0;0;
28;2024;2024_S28;POOL;Kinkala;0;0;0;
28;2024;2024_S28;POOL;Kintélé;0;0;0;
28;2024;2024_S28;POINTE NOIRE;Loandjili;0;0;0;
28;2024;2024_S28;BOUENZA;Loudima;0;0;0;
28;2024;2024_S28;BOUENZA;Loutété;0;0;0;
28;2024;2024_S28;POINTE NOIRE;Lumumba;1;0;0;
28;2024;2024_S28;BRAZZAVILLE;Madibou;0;0;0;
28;2024;2024_S28;KOUILOU;Madingo kayes - Nzambi;0;0;0;
28;2024;2024_S28;BOUENZA;Madingou;0;0;0;
28;2024;2024_S28;BRAZZAVILLE;Makelekele;0;0;0;
28;2024;2024_S28;NIARI;Mayoko;0;0;0;
28;2024;2024_S28;BRAZZAVILLE;Mfilou;0;0;0;
28;2024;2024_S28;POOL;Mindouli;0;0;0;
28;2024;2024_S28;POINTE NOIRE;Mongo Poukou;0;0;0;
28;2024;2024_S28;CUVETTE;Mossaka-Loukoléla;0;0;0;
28;2024;2024_S28;NIARI;Mossendjo;0;0;0;
28;2024;2024_S28;BRAZZAVILLE;Moungali;0;0;0;
28;2024;2024_S28;BOUENZA;Mouyondzi;0;0;0;
28;2024;2024_S28;POINTE NOIRE;Mvou-Mvou;0;0;0;
28;2024;2024_S28;KOUILOU;Mvouti-Kakamoéka;0;0;0;
28;2024;2024_S28;PLATEAUX;Ngo-Mpouya;0;0;0;
28;2024;2024_S28;POINTE NOIRE;Ngoyo;0;0;0;
28;2024;2024_S28;BOUENZA;Nkayi;0;0;0;
28;2024;2024_S28;SANGHA;Ouesso;0;0;0;
28;2024;2024_S28;CUVETTE;Owando;0;0;0;
28;2024;2024_S28;CUVETTE;Oyo-Alima;0;0;0;
28;2024;2024_S28;BRAZZAVILLE;Poto-Poto;0;0;0;
28;2024;2024_S28;SANGHA;Sembé-Souanké;0;0;0;
28;2024;2024_S28;LEKOUMOU;Sibiti;0;0;0;
28;2024;2024_S28;BRAZZAVILLE;Talangai;0;0;0;
28;2024;2024_S28;POINTE NOIRE;Tchiamba Nzassi;0;0;0;
28;2024;2024_S28;POINTE NOIRE;Tié-Tié;0;0;0;
28;2024;2024_S28;LEKOUMOU;Zanaga;0;0;0;
28;2024;2024_S28;BRAZZAVILLE;Ouenze;0;0;0;
29;2024;2024_S29;PLATEAUX;Abala-Allémbé;0;0;0;
29;2024;2024_S29;BRAZZAVILLE;Bacongo;0;0;0;
29;2024;2024_S29;POOL;Boko-Louingui-Loumo;0;0;0;
29;2024;2024_S29;PLATEAUX;Djambala-Lékana-Mbon ;0;0;0;
29;2024;2024_S29;BRAZZAVILLE;Djiri;0;0;0;
29;2024;2024_S29;NIARI;Dolisie;0;0;0;
29;2024;2024_S29;LIKOUALA;Enyellé-Bétou;0;0;0;
29;2024;2024_S29;CUVETTE OUEST;Etoumbi;0;0;0;
29;2024;2024_S29;CUVETTE OUEST;Ewo;0;0;0;
29;2024;2024_S29;PLATEAUX;Gamboma;0;0;0;
29;2024;2024_S29;POOL;Goma Tsé-Tsé;0;0;0;
29;2024;2024_S29;KOUILOU;Hinda-Loango;1;0;0;
29;2024;2024_S29;POOL;Ignié-Ngabé-Mayama;0;0;0;
29;2024;2024_S29;BRAZZAVILLE;Ile Mbamou;0;0;0;
29;2024;2024_S29;LIKOUALA;Impfondo;0;0;0;
29;2024;2024_S29;NIARI;Kibangou;0;0;0;
29;2024;2024_S29;NIARI;Kimongo;0;0;0;
29;2024;2024_S29;POOL;Kindamba;0;0;0;
29;2024;2024_S29;POOL;Kinkala;0;0;0;
29;2024;2024_S29;POOL;Kintélé;0;0;0;
29;2024;2024_S29;POINTE NOIRE;Loandjili;0;0;0;
29;2024;2024_S29;BOUENZA;Loudima;0;0;0;
29;2024;2024_S29;BOUENZA;Loutété;0;0;0;
29;2024;2024_S29;POINTE NOIRE;Lumumba;0;0;0;
29;2024;2024_S29;BRAZZAVILLE;Madibou;0;0;0;
29;2024;2024_S29;KOUILOU;Madingo kayes - Nzambi;0;0;0;
29;2024;2024_S29;BOUENZA;Madingou;0;0;0;
29;2024;2024_S29;BRAZZAVILLE;Makelekele;0;0;0;
29;2024;2024_S29;NIARI;Mayoko;0;0;0;
29;2024;2024_S29;BRAZZAVILLE;Mfilou;0;0;0;
29;2024;2024_S29;POOL;Mindouli;0;0;0;
29;2024;2024_S29;POINTE NOIRE;Mongo Poukou;0;0;0;
29;2024;2024_S29;CUVETTE;Mossaka-Loukoléla;0;0;0;
29;2024;2024_S29;NIARI;Mossendjo;0;0;0;
29;2024;2024_S29;BRAZZAVILLE;Moungali;1;0;0;
29;2024;2024_S29;BOUENZA;Mouyondzi;0;0;0;
29;2024;2024_S29;POINTE NOIRE;Mvou-Mvou;2;0;0;
29;2024;2024_S29;KOUILOU;Mvouti-Kakamoéka;0;0;0;
29;2024;2024_S29;PLATEAUX;Ngo-Mpouya;0;0;0;
29;2024;2024_S29;POINTE NOIRE;Ngoyo;0;0;0;
29;2024;2024_S29;BOUENZA;Nkayi;0;0;0;
29;2024;2024_S29;SANGHA;Ouesso;0;0;0;
29;2024;2024_S29;CUVETTE;Owando;0;0;0;
29;2024;2024_S29;CUVETTE;Oyo-Alima;0;0;0;
29;2024;2024_S29;BRAZZAVILLE;Poto-Poto;0;0;0;
29;2024;2024_S29;SANGHA;Sembé-Souanké;0;0;0;
29;2024;2024_S29;LEKOUMOU;Sibiti;0;0;0;
29;2024;2024_S29;BRAZZAVILLE;Talangai;0;0;0;
29;2024;2024_S29;POINTE NOIRE;Tchiamba Nzassi;0;0;0;
29;2024;2024_S29;POINTE NOIRE;Tié-Tié;0;0;0;
29;2024;2024_S29;LEKOUMOU;Zanaga;0;0;0;
29;2024;2024_S29;BRAZZAVILLE;Ouenze;0;0;0;
30;2024;2024_S30;PLATEAUX;Abala-Allémbé;0;0;0;
30;2024;2024_S30;BRAZZAVILLE;Bacongo;0;0;0;
30;2024;2024_S30;POOL;Boko-Louingui-Loumo;0;0;0;
30;2024;2024_S30;PLATEAUX;Djambala-Lékana-Mbon ;0;0;0;
30;2024;2024_S30;BRAZZAVILLE;Djiri;0;0;0;
30;2024;2024_S30;NIARI;Dolisie;0;0;0;
30;2024;2024_S30;LIKOUALA;Enyellé-Bétou;0;0;0;
30;2024;2024_S30;CUVETTE OUEST;Etoumbi;0;0;0;
30;2024;2024_S30;CUVETTE OUEST;Ewo;0;0;0;
30;2024;2024_S30;PLATEAUX;Gamboma;0;0;0;
30;2024;2024_S30;POOL;Goma Tsé-Tsé;0;0;0;
30;2024;2024_S30;KOUILOU;Hinda-Loango;0;0;0;
30;2024;2024_S30;POOL;Ignié-Ngabé-Mayama;0;0;0;
30;2024;2024_S30;BRAZZAVILLE;Ile Mbamou;0;0;0;
30;2024;2024_S30;LIKOUALA;Impfondo;0;0;0;
30;2024;2024_S30;NIARI;Kibangou;0;0;0;
30;2024;2024_S30;NIARI;Kimongo;0;0;0;
30;2024;2024_S30;POOL;Kindamba;0;0;0;
30;2024;2024_S30;POOL;Kinkala;0;0;0;
30;2024;2024_S30;POOL;Kintélé;0;0;0;
30;2024;2024_S30;POINTE NOIRE;Loandjili;2;0;0;
30;2024;2024_S30;BOUENZA;Loudima;0;0;0;
30;2024;2024_S30;BOUENZA;Loutété;0;0;0;
30;2024;2024_S30;POINTE NOIRE;Lumumba;1;0;0;
30;2024;2024_S30;BRAZZAVILLE;Madibou;0;0;0;
30;2024;2024_S30;KOUILOU;Madingo kayes - Nzambi;0;0;0;
30;2024;2024_S30;BOUENZA;Madingou;0;0;0;
30;2024;2024_S30;BRAZZAVILLE;Makelekele;0;0;0;
30;2024;2024_S30;NIARI;Mayoko;0;0;0;
30;2024;2024_S30;BRAZZAVILLE;Mfilou;0;0;0;
30;2024;2024_S30;POOL;Mindouli;0;0;0;
30;2024;2024_S30;POINTE NOIRE;Mongo Poukou;0;0;0;
30;2024;2024_S30;CUVETTE;Mossaka-Loukoléla;0;0;0;
30;2024;2024_S30;NIARI;Mossendjo;0;0;0;
30;2024;2024_S30;BRAZZAVILLE;Moungali;0;0;0;
30;2024;2024_S30;BOUENZA;Mouyondzi;0;0;0;
30;2024;2024_S30;POINTE NOIRE;Mvou-Mvou;2;0;0;
30;2024;2024_S30;KOUILOU;Mvouti-Kakamoéka;0;0;0;
30;2024;2024_S30;PLATEAUX;Ngo-Mpouya;0;0;0;
30;2024;2024_S30;POINTE NOIRE;Ngoyo;0;0;0;
30;2024;2024_S30;BOUENZA;Nkayi;0;0;0;
30;2024;2024_S30;SANGHA;Ouesso;0;0;0;
30;2024;2024_S30;CUVETTE;Owando;0;0;0;
30;2024;2024_S30;CUVETTE;Oyo-Alima;0;0;0;
30;2024;2024_S30;BRAZZAVILLE;Poto-Poto;0;0;0;
30;2024;2024_S30;SANGHA;Sembé-Souanké;0;0;0;
30;2024;2024_S30;LEKOUMOU;Sibiti;0;0;0;
30;2024;2024_S30;BRAZZAVILLE;Talangai;0;0;0;
30;2024;2024_S30;POINTE NOIRE;Tchiamba Nzassi;0;0;0;
30;2024;2024_S30;POINTE NOIRE;Tié-Tié;1;0;0;
30;2024;2024_S30;LEKOUMOU;Zanaga;0;0;0;
30;2024;2024_S30;BRAZZAVILLE;Ouenze;0;0;0;
31;2024;2024_S31;PLATEAUX;Abala-Allémbé;0;0;0;
31;2024;2024_S31;BRAZZAVILLE;Bacongo;0;0;0;
31;2024;2024_S31;POOL;Boko-Louingui-Loumo;0;0;0;
31;2024;2024_S31;PLATEAUX;Djambala-Lékana-Mbon ;0;0;0;
31;2024;2024_S31;BRAZZAVILLE;Djiri;0;0;0;
31;2024;2024_S31;NIARI;Dolisie;0;0;0;
31;2024;2024_S31;LIKOUALA;Enyellé-Bétou;0;0;0;
31;2024;2024_S31;CUVETTE OUEST;Etoumbi;0;0;0;
31;2024;2024_S31;CUVETTE OUEST;Ewo;0;0;0;
31;2024;2024_S31;PLATEAUX;Gamboma;0;0;0;
31;2024;2024_S31;POOL;Goma Tsé-Tsé;0;0;0;
31;2024;2024_S31;KOUILOU;Hinda-Loango;0;0;0;
31;2024;2024_S31;POOL;Ignié-Ngabé-Mayama;0;0;0;
31;2024;2024_S31;BRAZZAVILLE;Ile Mbamou;0;0;0;
31;2024;2024_S31;LIKOUALA;Impfondo;0;0;0;
31;2024;2024_S31;NIARI;Kibangou;0;0;0;
31;2024;2024_S31;NIARI;Kimongo;0;0;0;
31;2024;2024_S31;POOL;Kindamba;0;0;0;
31;2024;2024_S31;POOL;Kinkala;0;0;0;
31;2024;2024_S31;POOL;Kintélé;0;0;0;
31;2024;2024_S31;POINTE NOIRE;Loandjili;0;0;0;
31;2024;2024_S31;BOUENZA;Loudima;0;0;0;
31;2024;2024_S31;BOUENZA;Loutété;0;0;0;
31;2024;2024_S31;POINTE NOIRE;Lumumba;0;0;0;
31;2024;2024_S31;BRAZZAVILLE;Madibou;0;0;0;
31;2024;2024_S31;KOUILOU;Madingo kayes - Nzambi;0;0;0;
31;2024;2024_S31;BOUENZA;Madingou;0;0;0;
31;2024;2024_S31;BRAZZAVILLE;Makelekele;0;0;0;
31;2024;2024_S31;NIARI;Mayoko;0;0;0;
31;2024;2024_S31;BRAZZAVILLE;Mfilou;0;0;0;
31;2024;2024_S31;POOL;Mindouli;0;0;0;
31;2024;2024_S31;POINTE NOIRE;Mongo Poukou;0;0;0;
31;2024;2024_S31;NIARI;Mossendjo;0;0;0;
31;2024;2024_S31;BRAZZAVILLE;Moungali;0;0;0;
31;2024;2024_S31;BOUENZA;Mouyondzi;0;0;0;
31;2024;2024_S31;POINTE NOIRE;Mvou-Mvou;1;0;0;
31;2024;2024_S31;KOUILOU;Mvouti-Kakamoéka;0;0;0;
31;2024;2024_S31;PLATEAUX;Ngo-Mpouya;0;0;0;
31;2024;2024_S31;POINTE NOIRE;Ngoyo;0;0;0;
31;2024;2024_S31;BOUENZA;Nkayi;0;0;0;
31;2024;2024_S31;SANGHA;Ouesso;0;0;0;
31;2024;2024_S31;CUVETTE;Owando;0;0;0;
31;2024;2024_S31;CUVETTE;Oyo-Alima;0;0;0;
31;2024;2024_S31;BRAZZAVILLE;Poto-Poto;0;0;0;
31;2024;2024_S31;SANGHA;Sembé-Souanké;0;0;0;
31;2024;2024_S31;LEKOUMOU;Sibiti;0;0;0;
31;2024;2024_S31;BRAZZAVILLE;Talangai;0;0;0;
31;2024;2024_S31;POINTE NOIRE;Tchiamba Nzassi;0;0;0;
31;2024;2024_S31;POINTE NOIRE;Tié-Tié;0;0;0;
31;2024;2024_S31;LEKOUMOU;Zanaga;0;0;0;
31;2024;2024_S31;BRAZZAVILLE;Ouenze;0;0;0;
32;2024;2024_S32;PLATEAUX;Abala-Allémbé;0;0;0;
32;2024;2024_S32;BRAZZAVILLE;Bacongo;0;0;0;
32;2024;2024_S32;POOL;Boko-Louingui-Loumo;0;0;0;
32;2024;2024_S32;PLATEAUX;Djambala-Lékana-Mbon ;0;0;0;
32;2024;2024_S32;BRAZZAVILLE;Djiri;0;0;0;
32;2024;2024_S32;NIARI;Dolisie;0;0;0;
32;2024;2024_S32;CUVETTE OUEST;Etoumbi;0;0;0;
32;2024;2024_S32;CUVETTE OUEST;Ewo;0;0;0;
32;2024;2024_S32;PLATEAUX;Gamboma;0;0;0;
32;2024;2024_S32;POOL;Goma Tsé-Tsé;0;0;0;
32;2024;2024_S32;KOUILOU;Hinda-Loango;0;0;0;
32;2024;2024_S32;POOL;Ignié-Ngabé-Mayama;0;0;0;
32;2024;2024_S32;BRAZZAVILLE;Ile Mbamou;0;0;0;
32;2024;2024_S32;LIKOUALA;Impfondo;1;0;0;
32;2024;2024_S32;NIARI;Kibangou;0;0;0;
32;2024;2024_S32;NIARI;Kimongo;0;0;0;
32;2024;2024_S32;POOL;Kindamba;0;0;0;
32;2024;2024_S32;POOL;Kinkala;0;0;0;
32;2024;2024_S32;POOL;Kintélé;0;0;0;
32;2024;2024_S32;POINTE NOIRE;Loandjili;0;0;0;
32;2024;2024_S32;BOUENZA;Loudima;0;0;0;
32;2024;2024_S32;POINTE NOIRE;Lumumba;0;0;0;
32;2024;2024_S32;BRAZZAVILLE;Madibou;1;0;0;
32;2024;2024_S32;KOUILOU;Madingo kayes - Nzambi;0;0;0;
32;2024;2024_S32;BOUENZA;Madingou;0;0;0;
32;2024;2024_S32;BRAZZAVILLE;Makelekele;0;0;0;
32;2024;2024_S32;NIARI;Mayoko;0;0;0;
32;2024;2024_S32;BRAZZAVILLE;Mfilou;0;0;0;
32;2024;2024_S32;POOL;Mindouli;0;0;0;
32;2024;2024_S32;POINTE NOIRE;Mongo Poukou;0;0;0;
32;2024;2024_S32;CUVETTE;Mossaka-Loukoléla;0;0;0;
32;2024;2024_S32;NIARI;Mossendjo;0;0;0;
32;2024;2024_S32;BRAZZAVILLE;Moungali;1;0;0;
32;2024;2024_S32;BOUENZA;Mouyondzi;0;0;0;
32;2024;2024_S32;POINTE NOIRE;Mvou-Mvou;0;0;0;
32;2024;2024_S32;KOUILOU;Mvouti-Kakamoéka;0;0;0;
32;2024;2024_S32;PLATEAUX;Ngo-Mpouya;0;0;0;
32;2024;2024_S32;POINTE NOIRE;Ngoyo;0;0;0;
32;2024;2024_S32;BOUENZA;Nkayi;0;0;0;
32;2024;2024_S32;SANGHA;Ouesso;0;0;0;
32;2024;2024_S32;CUVETTE;Owando;0;0;0;
32;2024;2024_S32;CUVETTE;Oyo-Alima;0;0;0;
32;2024;2024_S32;BRAZZAVILLE;Poto-Poto;0;0;0;
32;2024;2024_S32;SANGHA;Sembé-Souanké;0;0;0;
32;2024;2024_S32;LEKOUMOU;Sibiti;0;0;0;
32;2024;2024_S32;BRAZZAVILLE;Talangai;1;0;0;
32;2024;2024_S32;POINTE NOIRE;Tchiamba Nzassi;0;0;0;
32;2024;2024_S32;POINTE NOIRE;Tié-Tié;0;0;0;
32;2024;2024_S32;LEKOUMOU;Zanaga;0;0;0;
32;2024;2024_S32;LIKOUALA;Enyellé-Bétou;2;0;2;
32;2024;2024_S32;BRAZZAVILLE;Ouenze;0;0;0;
33;2024;2024_S33;PLATEAUX;Abala-Allémbé;0;0;0;
33;2024;2024_S33;BRAZZAVILLE;Bacongo;1;0;0;
33;2024;2024_S33;POOL;Boko-Louingui-Loumo;0;0;0;
33;2024;2024_S33;PLATEAUX;Djambala-Lékana-Mbon ;0;0;0;
33;2024;2024_S33;BRAZZAVILLE;Djiri;0;0;0;
33;2024;2024_S33;NIARI;Dolisie;0;0;0;
33;2024;2024_S33;LIKOUALA;Enyellé-Bétou;0;0;0;
33;2024;2024_S33;CUVETTE OUEST;Etoumbi;0;0;0;
33;2024;2024_S33;CUVETTE OUEST;Ewo;0;0;0;
33;2024;2024_S33;PLATEAUX;Gamboma;0;0;0;
33;2024;2024_S33;POOL;Goma Tsé-Tsé;0;0;0;
33;2024;2024_S33;KOUILOU;Hinda-Loango;0;0;0;
33;2024;2024_S33;POOL;Ignié-Ngabé-Mayama;0;0;0;
33;2024;2024_S33;BRAZZAVILLE;Ile Mbamou;0;0;0;
33;2024;2024_S33;LIKOUALA;Impfondo;0;0;0;
33;2024;2024_S33;NIARI;Kibangou;0;0;0;
33;2024;2024_S33;NIARI;Kimongo;0;0;0;
33;2024;2024_S33;POOL;Kindamba;0;0;0;
33;2024;2024_S33;POOL;Kinkala;0;0;0;
33;2024;2024_S33;POOL;Kintélé;0;0;0;
33;2024;2024_S33;POINTE NOIRE;Loandjili;0;0;0;
33;2024;2024_S33;BOUENZA;Loudima;0;0;0;
33;2024;2024_S33;BOUENZA;Loutété;0;0;0;
33;2024;2024_S33;POINTE NOIRE;Lumumba;0;0;0;
33;2024;2024_S33;BRAZZAVILLE;Madibou;0;0;0;
33;2024;2024_S33;KOUILOU;Madingo kayes - Nzambi;0;0;0;
33;2024;2024_S33;BOUENZA;Madingou;0;0;0;
33;2024;2024_S33;BRAZZAVILLE;Makelekele;0;0;0;
33;2024;2024_S33;NIARI;Mayoko;0;0;0;
33;2024;2024_S33;BRAZZAVILLE;Mfilou;0;0;0;
33;2024;2024_S33;POOL;Mindouli;0;0;0;
33;2024;2024_S33;POINTE NOIRE;Mongo Poukou;0;0;0;
33;2024;2024_S33;CUVETTE;Mossaka-Loukoléla;0;0;0;
33;2024;2024_S33;NIARI;Mossendjo;0;0;0;
33;2024;2024_S33;BRAZZAVILLE;Moungali;0;0;0;
33;2024;2024_S33;BOUENZA;Mouyondzi;0;0;0;
33;2024;2024_S33;POINTE NOIRE;Mvou-Mvou;1;0;0;
33;2024;2024_S33;KOUILOU;Mvouti-Kakamoéka;0;0;0;
33;2024;2024_S33;PLATEAUX;Ngo-Mpouya;0;0;0;
33;2024;2024_S33;POINTE NOIRE;Ngoyo;0;0;0;
33;2024;2024_S33;BOUENZA;Nkayi;0;0;0;
33;2024;2024_S33;SANGHA;Ouesso;0;0;0;
33;2024;2024_S33;CUVETTE;Owando;0;0;0;
33;2024;2024_S33;CUVETTE;Oyo-Alima;0;0;0;
33;2024;2024_S33;BRAZZAVILLE;Poto-Poto;0;0;0;
33;2024;2024_S33;SANGHA;Sembé-Souanké;0;0;0;
33;2024;2024_S33;LEKOUMOU;Sibiti;0;0;0;
33;2024;2024_S33;BRAZZAVILLE;Talangai;0;0;0;
33;2024;2024_S33;POINTE NOIRE;Tchiamba Nzassi;0;0;0;
33;2024;2024_S33;POINTE NOIRE;Tié-Tié;0;0;0;
33;2024;2024_S33;LEKOUMOU;Zanaga;0;0;0;
33;2024;2024_S33;BRAZZAVILLE;Ouenze;0;0;0;
34;2024;2024_S34;PLATEAUX;Abala-Allémbé;0;0;0;
34;2024;2024_S34;BRAZZAVILLE;Bacongo;1;0;0;
34;2024;2024_S34;POOL;Boko-Louingui-Loumo;0;0;0;
34;2024;2024_S34;PLATEAUX;Djambala-Lékana-Mbon ;0;0;0;
34;2024;2024_S34;BRAZZAVILLE;Djiri;0;0;0;
34;2024;2024_S34;NIARI;Dolisie;0;0;0;
34;2024;2024_S34;LIKOUALA;Enyellé-Bétou;1;0;0;
34;2024;2024_S34;CUVETTE OUEST;Etoumbi;0;0;0;
34;2024;2024_S34;CUVETTE OUEST;Ewo;0;0;0;
34;2024;2024_S34;PLATEAUX;Gamboma;0;0;0;
34;2024;2024_S34;POOL;Goma Tsé-Tsé;0;0;0;
34;2024;2024_S34;KOUILOU;Hinda-Loango;1;0;0;
34;2024;2024_S34;POOL;Ignié-Ngabé-Mayama;0;0;0;
34;2024;2024_S34;BRAZZAVILLE;Ile Mbamou;0;0;0;
34;2024;2024_S34;LIKOUALA;Impfondo;0;0;0;
34;2024;2024_S34;NIARI;Kibangou;0;0;0;
34;2024;2024_S34;NIARI;Kimongo;0;0;0;
34;2024;2024_S34;POOL;Kindamba;0;0;0;
34;2024;2024_S34;POOL;Kinkala;0;0;0;
34;2024;2024_S34;POOL;Kintélé;0;0;0;
34;2024;2024_S34;POINTE NOIRE;Loandjili;1;0;0;
34;2024;2024_S34;BOUENZA;Loudima;4;0;0;
34;2024;2024_S34;BOUENZA;Loutété;0;0;0;
34;2024;2024_S34;POINTE NOIRE;Lumumba;3;0;0;
34;2024;2024_S34;BRAZZAVILLE;Madibou;0;0;0;
34;2024;2024_S34;KOUILOU;Madingo kayes - Nzambi;0;0;0;
34;2024;2024_S34;BOUENZA;Madingou;0;0;0;
34;2024;2024_S34;BRAZZAVILLE;Makelekele;0;0;0;
34;2024;2024_S34;NIARI;Mayoko;0;0;0;
34;2024;2024_S34;BRAZZAVILLE;Mfilou;0;0;0;
34;2024;2024_S34;POOL;Mindouli;0;0;0;
34;2024;2024_S34;POINTE NOIRE;Mongo Poukou;0;0;0;
34;2024;2024_S34;CUVETTE;Mossaka-Loukoléla;0;0;0;
34;2024;2024_S34;NIARI;Mossendjo;0;0;0;
34;2024;2024_S34;BRAZZAVILLE;Moungali;3;0;0;
34;2024;2024_S34;BOUENZA;Mouyondzi;0;0;0;
34;2024;2024_S34;POINTE NOIRE;Mvou-Mvou;0;0;0;
34;2024;2024_S34;KOUILOU;Mvouti-Kakamoéka;0;0;0;
34;2024;2024_S34;PLATEAUX;Ngo-Mpouya;0;0;0;
34;2024;2024_S34;POINTE NOIRE;Ngoyo;0;0;0;
34;2024;2024_S34;BOUENZA;Nkayi;0;0;0;
34;2024;2024_S34;SANGHA;Ouesso;0;0;0;
34;2024;2024_S34;CUVETTE;Owando;0;0;0;
34;2024;2024_S34;CUVETTE;Oyo-Alima;0;0;0;
34;2024;2024_S34;BRAZZAVILLE;Poto-Poto;0;0;0;
34;2024;2024_S34;SANGHA;Sembé-Souanké;0;0;0;
34;2024;2024_S34;LEKOUMOU;Sibiti;0;0;0;
34;2024;2024_S34;BRAZZAVILLE;Talangai;1;0;0;
34;2024;2024_S34;POINTE NOIRE;Tchiamba Nzassi;0;0;0;
34;2024;2024_S34;POINTE NOIRE;Tié-Tié;0;0;0;
34;2024;2024_S34;LEKOUMOU;Zanaga;0;0;0;
34;2024;2024_S34;BRAZZAVILLE;Ouenze;0;0;0;
35;2024;2024_S35;PLATEAUX;Abala-Allémbé;1;0;0;
35;2024;2024_S35;BRAZZAVILLE;Bacongo;1;0;0;
35;2024;2024_S35;POOL;Boko-Louingui-Loumo;0;0;0;
35;2024;2024_S35;PLATEAUX;Djambala-Lékana-Mbon ;0;0;0;
35;2024;2024_S35;BRAZZAVILLE;Djiri;0;0;0;
35;2024;2024_S35;NIARI;Dolisie;0;0;0;
35;2024;2024_S35;CUVETTE OUEST;Etoumbi;2;0;0;
35;2024;2024_S35;CUVETTE OUEST;Ewo;0;0;0;
35;2024;2024_S35;PLATEAUX;Gamboma;0;0;0;
35;2024;2024_S35;POOL;Goma Tsé-Tsé;0;0;0;
35;2024;2024_S35;KOUILOU;Hinda-Loango;0;0;0;
35;2024;2024_S35;POOL;Ignié-Ngabé-Mayama;0;0;0;
35;2024;2024_S35;BRAZZAVILLE;Ile Mbamou;0;0;0;
35;2024;2024_S35;LIKOUALA;Impfondo;0;0;0;
35;2024;2024_S35;NIARI;Kibangou;0;0;0;
35;2024;2024_S35;NIARI;Kimongo;0;0;0;
35;2024;2024_S35;POOL;Kindamba;0;0;0;
35;2024;2024_S35;POOL;Kinkala;0;0;0;
35;2024;2024_S35;POOL;Kintélé;0;0;0;
35;2024;2024_S35;POINTE NOIRE;Loandjili;0;0;0;
35;2024;2024_S35;BOUENZA;Loudima;0;0;0;
35;2024;2024_S35;BOUENZA;Loutété;0;0;0;
35;2024;2024_S35;POINTE NOIRE;Lumumba;3;0;0;
35;2024;2024_S35;BRAZZAVILLE;Madibou;0;0;0;
35;2024;2024_S35;KOUILOU;Madingo kayes - Nzambi;0;0;0;
35;2024;2024_S35;BOUENZA;Madingou;0;0;0;
35;2024;2024_S35;BRAZZAVILLE;Makelekele;0;0;0;
35;2024;2024_S35;NIARI;Mayoko;0;0;0;
35;2024;2024_S35;BRAZZAVILLE;Mfilou;0;0;0;
35;2024;2024_S35;POOL;Mindouli;0;0;0;
35;2024;2024_S35;POINTE NOIRE;Mongo Poukou;0;0;0;
35;2024;2024_S35;CUVETTE;Mossaka-Loukoléla;0;0;0;
35;2024;2024_S35;NIARI;Mossendjo;0;0;0;
35;2024;2024_S35;BRAZZAVILLE;Moungali;0;0;0;
35;2024;2024_S35;BOUENZA;Mouyondzi;0;0;0;
35;2024;2024_S35;POINTE NOIRE;Mvou-Mvou;1;0;0;
35;2024;2024_S35;KOUILOU;Mvouti-Kakamoéka;0;0;0;
35;2024;2024_S35;PLATEAUX;Ngo-Mpouya;0;0;0;
35;2024;2024_S35;POINTE NOIRE;Ngoyo;0;0;0;
35;2024;2024_S35;BOUENZA;Nkayi;0;0;0;
35;2024;2024_S35;SANGHA;Ouesso;0;0;0;
35;2024;2024_S35;CUVETTE;Owando;0;0;0;
35;2024;2024_S35;CUVETTE;Oyo-Alima;0;0;0;
35;2024;2024_S35;BRAZZAVILLE;Poto-Poto;0;0;0;
35;2024;2024_S35;SANGHA;Sembé-Souanké;0;0;0;
35;2024;2024_S35;LEKOUMOU;Sibiti;0;0;0;
35;2024;2024_S35;BRAZZAVILLE;Talangai;2;0;0;
35;2024;2024_S35;POINTE NOIRE;Tchiamba Nzassi;0;0;0;
35;2024;2024_S35;POINTE NOIRE;Tié-Tié;0;0;0;
35;2024;2024_S35;LEKOUMOU;Zanaga;0;0;0;
35;2024;2024_S35;BRAZZAVILLE;Ouenze;0;0;0;
36;2024;2024_S36;PLATEAUX;Abala-Allémbé;0;0;0;
36;2024;2024_S36;BRAZZAVILLE;Bacongo;0;0;0;
36;2024;2024_S36;POOL;Boko-Louingui-Loumo;0;0;0;
36;2024;2024_S36;PLATEAUX;Djambala-Lékana-Mbon ;0;0;0;
36;2024;2024_S36;BRAZZAVILLE;Djiri;0;0;0;
36;2024;2024_S36;NIARI;Dolisie;0;0;0;
36;2024;2024_S36;LIKOUALA;Enyellé-Bétou;2;0;0;
36;2024;2024_S36;CUVETTE OUEST;Etoumbi;0;0;0;
36;2024;2024_S36;CUVETTE OUEST;Ewo;0;0;0;
36;2024;2024_S36;PLATEAUX;Gamboma;0;0;0;
36;2024;2024_S36;POOL;Goma Tsé-Tsé;0;0;0;
36;2024;2024_S36;KOUILOU;Hinda-Loango;0;0;0;
36;2024;2024_S36;POOL;Ignié-Ngabé-Mayama;0;0;0;
36;2024;2024_S36;BRAZZAVILLE;Ile Mbamou;0;0;0;
36;2024;2024_S36;LIKOUALA;Impfondo;0;0;0;
36;2024;2024_S36;NIARI;Kibangou;0;0;0;
36;2024;2024_S36;NIARI;Kimongo;0;0;0;
36;2024;2024_S36;POOL;Kindamba;0;0;0;
36;2024;2024_S36;POOL;Kinkala;0;0;0;
36;2024;2024_S36;POOL;Kintélé;0;0;0;
36;2024;2024_S36;POINTE NOIRE;Loandjili;0;0;0;
36;2024;2024_S36;BOUENZA;Loudima;0;0;0;
36;2024;2024_S36;BOUENZA;Loutété;0;0;0;
36;2024;2024_S36;POINTE NOIRE;Lumumba;1;0;0;
36;2024;2024_S36;BRAZZAVILLE;Madibou;0;0;0;
36;2024;2024_S36;KOUILOU;Madingo kayes - Nzambi;0;0;0;
36;2024;2024_S36;BOUENZA;Madingou;0;0;0;
36;2024;2024_S36;BRAZZAVILLE;Makelekele;0;0;0;
36;2024;2024_S36;NIARI;Mayoko;0;0;0;
36;2024;2024_S36;BRAZZAVILLE;Mfilou;0;0;0;
36;2024;2024_S36;POOL;Mindouli;0;0;0;
36;2024;2024_S36;POINTE NOIRE;Mongo Poukou;0;0;0;
36;2024;2024_S36;CUVETTE;Mossaka-Loukoléla;0;0;0;
36;2024;2024_S36;NIARI;Mossendjo;0;0;0;
36;2024;2024_S36;BRAZZAVILLE;Moungali;0;0;0;
36;2024;2024_S36;BOUENZA;Mouyondzi;0;0;0;
36;2024;2024_S36;POINTE NOIRE;Mvou-Mvou;1;0;0;
36;2024;2024_S36;KOUILOU;Mvouti-Kakamoéka;0;0;0;
36;2024;2024_S36;PLATEAUX;Ngo-Mpouya;0;0;0;
36;2024;2024_S36;POINTE NOIRE;Ngoyo;0;0;0;
36;2024;2024_S36;BOUENZA;Nkayi;0;0;0;
36;2024;2024_S36;SANGHA;Ouesso;0;0;0;
36;2024;2024_S36;CUVETTE;Owando;0;0;0;
36;2024;2024_S36;CUVETTE;Oyo-Alima;0;0;0;
36;2024;2024_S36;BRAZZAVILLE;Poto-Poto;0;0;0;
36;2024;2024_S36;SANGHA;Sembé-Souanké;0;0;0;
36;2024;2024_S36;LEKOUMOU;Sibiti;0;0;0;
36;2024;2024_S36;BRAZZAVILLE;Talangai;0;0;0;
36;2024;2024_S36;POINTE NOIRE;Tchiamba Nzassi;0;0;0;
36;2024;2024_S36;POINTE NOIRE;Tié-Tié;1;0;0;
36;2024;2024_S36;LEKOUMOU;Zanaga;0;0;0;
36;2024;2024_S36;BRAZZAVILLE;Ouenze;0;0;0;
37;2024;2024_S37;PLATEAUX;Abala-Allémbé;0;0;0;
37;2024;2024_S37;BRAZZAVILLE;Bacongo;0;0;0;
37;2024;2024_S37;POOL;Boko-Louingui-Loumo;0;0;0;
37;2024;2024_S37;PLATEAUX;Djambala-Lékana-Mbon ;0;0;0;
37;2024;2024_S37;BRAZZAVILLE;Djiri;0;0;0;
37;2024;2024_S37;NIARI;Dolisie;0;0;0;
37;2024;2024_S37;LIKOUALA;Enyellé-Bétou;0;0;0;
37;2024;2024_S37;CUVETTE OUEST;Etoumbi;0;0;0;
37;2024;2024_S37;CUVETTE OUEST;Ewo;0;0;0;
37;2024;2024_S37;PLATEAUX;Gamboma;1;0;0;
37;2024;2024_S37;POOL;Goma Tsé-Tsé;0;0;0;
37;2024;2024_S37;KOUILOU;Hinda-Loango;0;0;0;
37;2024;2024_S37;POOL;Ignié-Ngabé-Mayama;0;0;0;
37;2024;2024_S37;BRAZZAVILLE;Ile Mbamou;0;0;0;
37;2024;2024_S37;LIKOUALA;Impfondo;0;0;0;
37;2024;2024_S37;NIARI;Kibangou;0;0;0;
37;2024;2024_S37;NIARI;Kimongo;0;0;0;
37;2024;2024_S37;POOL;Kindamba;0;0;0;
37;2024;2024_S37;POOL;Kinkala;0;0;0;
37;2024;2024_S37;POOL;Kintélé;0;0;0;
37;2024;2024_S37;POINTE NOIRE;Loandjili;1;0;0;
37;2024;2024_S37;BOUENZA;Loudima;0;0;0;
37;2024;2024_S37;BOUENZA;Loutété;0;0;0;
37;2024;2024_S37;POINTE NOIRE;Lumumba;0;0;0;
37;2024;2024_S37;BRAZZAVILLE;Madibou;0;0;0;
37;2024;2024_S37;KOUILOU;Madingo kayes - Nzambi;0;0;0;
37;2024;2024_S37;BOUENZA;Madingou;0;0;0;
37;2024;2024_S37;BRAZZAVILLE;Makelekele;0;0;0;
37;2024;2024_S37;NIARI;Mayoko;0;0;0;
37;2024;2024_S37;BRAZZAVILLE;Mfilou;1;0;0;
37;2024;2024_S37;POOL;Mindouli;0;0;0;
37;2024;2024_S37;POINTE NOIRE;Mongo Poukou;0;0;0;
37;2024;2024_S37;CUVETTE;Mossaka-Loukoléla;1;0;0;
37;2024;2024_S37;NIARI;Mossendjo;0;0;0;
37;2024;2024_S37;BRAZZAVILLE;Moungali;0;0;0;
37;2024;2024_S37;BOUENZA;Mouyondzi;0;0;0;
37;2024;2024_S37;POINTE NOIRE;Mvou-Mvou;0;0;0;
37;2024;2024_S37;KOUILOU;Mvouti-Kakamoéka;1;0;0;
37;2024;2024_S37;PLATEAUX;Ngo-Mpouya;0;0;0;
37;2024;2024_S37;POINTE NOIRE;Ngoyo;0;0;0;
37;2024;2024_S37;BOUENZA;Nkayi;0;0;0;
37;2024;2024_S37;SANGHA;Ouesso;0;0;0;
37;2024;2024_S37;CUVETTE;Owando;0;0;0;
37;2024;2024_S37;CUVETTE;Oyo-Alima;0;0;0;
37;2024;2024_S37;BRAZZAVILLE;Poto-Poto;1;0;0;
37;2024;2024_S37;SANGHA;Sembé-Souanké;0;0;0;
37;2024;2024_S37;LEKOUMOU;Sibiti;0;0;0;
37;2024;2024_S37;BRAZZAVILLE;Talangai;0;0;0;
37;2024;2024_S37;POINTE NOIRE;Tchiamba Nzassi;0;0;0;
37;2024;2024_S37;POINTE NOIRE;Tié-Tié;0;0;0;
37;2024;2024_S37;LEKOUMOU;Zanaga;0;0;0;
37;2024;2024_S37;BRAZZAVILLE;Ouenze;0;0;0;
38;2024;2024_S38;PLATEAUX;Abala-Allémbé;0;0;0;
38;2024;2024_S38;BRAZZAVILLE;Bacongo;0;0;0;
38;2024;2024_S38;POOL;Boko-Louingui-Loumo;0;0;0;
38;2024;2024_S38;PLATEAUX;Djambala-Lékana-Mbon ;0;0;0;
38;2024;2024_S38;BRAZZAVILLE;Djiri;0;0;0;
38;2024;2024_S38;NIARI;Dolisie;0;0;0;
38;2024;2024_S38;LIKOUALA;Enyellé-Bétou;0;0;0;
38;2024;2024_S38;CUVETTE OUEST;Etoumbi;0;0;0;
38;2024;2024_S38;CUVETTE OUEST;Ewo;0;0;0;
38;2024;2024_S38;PLATEAUX;Gamboma;0;0;0;
38;2024;2024_S38;POOL;Goma Tsé-Tsé;0;0;0;
38;2024;2024_S38;KOUILOU;Hinda-Loango;0;0;0;
38;2024;2024_S38;POOL;Ignié-Ngabé-Mayama;0;0;0;
38;2024;2024_S38;BRAZZAVILLE;Ile Mbamou;0;0;0;
38;2024;2024_S38;LIKOUALA;Impfondo;0;0;0;
38;2024;2024_S38;NIARI;Kibangou;0;0;0;
38;2024;2024_S38;NIARI;Kimongo;0;0;0;
38;2024;2024_S38;POOL;Kindamba;0;0;0;
38;2024;2024_S38;POOL;Kinkala;0;0;0;
38;2024;2024_S38;POOL;Kintélé;0;0;0;
38;2024;2024_S38;POINTE NOIRE;Loandjili;3;0;0;
38;2024;2024_S38;BOUENZA;Loutété;0;0;0;
38;2024;2024_S38;POINTE NOIRE;Lumumba;0;0;0;
38;2024;2024_S38;BRAZZAVILLE;Madibou;0;0;0;
38;2024;2024_S38;KOUILOU;Madingo kayes - Nzambi;0;0;0;
38;2024;2024_S38;BOUENZA;Madingou;0;0;0;
38;2024;2024_S38;BRAZZAVILLE;Makelekele;0;0;0;
38;2024;2024_S38;NIARI;Mayoko;0;0;0;
38;2024;2024_S38;BRAZZAVILLE;Mfilou;0;0;0;
38;2024;2024_S38;POOL;Mindouli;0;0;0;
38;2024;2024_S38;POINTE NOIRE;Mongo Poukou;0;0;0;
38;2024;2024_S38;CUVETTE;Mossaka-Loukoléla;0;0;0;
38;2024;2024_S38;NIARI;Mossendjo;0;0;0;
38;2024;2024_S38;BRAZZAVILLE;Moungali;0;0;0;
38;2024;2024_S38;BOUENZA;Mouyondzi;0;0;0;
38;2024;2024_S38;POINTE NOIRE;Mvou-Mvou;0;0;0;
38;2024;2024_S38;KOUILOU;Mvouti-Kakamoéka;0;0;0;
38;2024;2024_S38;PLATEAUX;Ngo-Mpouya;0;0;0;
38;2024;2024_S38;POINTE NOIRE;Ngoyo;0;0;0;
38;2024;2024_S38;BOUENZA;Nkayi;0;0;0;
38;2024;2024_S38;SANGHA;Ouesso;0;0;0;
38;2024;2024_S38;CUVETTE;Owando;0;0;0;
38;2024;2024_S38;CUVETTE;Oyo-Alima;0;0;0;
38;2024;2024_S38;BRAZZAVILLE;Poto-Poto;0;0;0;
38;2024;2024_S38;SANGHA;Sembé-Souanké;0;0;0;
38;2024;2024_S38;LEKOUMOU;Sibiti;0;0;0;
38;2024;2024_S38;BRAZZAVILLE;Talangai;0;0;0;
38;2024;2024_S38;POINTE NOIRE;Tchiamba Nzassi;11;0;0;
38;2024;2024_S38;POINTE NOIRE;Tié-Tié;0;0;0;
38;2024;2024_S38;LEKOUMOU;Zanaga;0;0;0;
38;2024;2024_S38;BRAZZAVILLE;Ouenze;0;0;0;
39;2024;2024_S39;BRAZZAVILLE;Madibou;1;0;1;
39;2024;2024_S39;PLATEAUX;Abala-Allémbé;0;0;0;
39;2024;2024_S39;BRAZZAVILLE;Bacongo;0;0;0;
39;2024;2024_S39;POOL;Boko-Louingui-Loumo;0;0;0;
39;2024;2024_S39;PLATEAUX;Djambala-Lékana-Mbon ;0;0;0;
39;2024;2024_S39;BRAZZAVILLE;Djiri;0;0;0;
39;2024;2024_S39;NIARI;Dolisie;0;0;0;
39;2024;2024_S39;LIKOUALA;Enyellé-Bétou;0;0;0;
39;2024;2024_S39;CUVETTE OUEST;Etoumbi;1;0;0;
39;2024;2024_S39;CUVETTE OUEST;Ewo;0;0;0;
39;2024;2024_S39;PLATEAUX;Gamboma;1;0;0;
39;2024;2024_S39;POOL;Goma Tsé-Tsé;0;0;0;
39;2024;2024_S39;KOUILOU;Hinda-Loango;0;0;0;
39;2024;2024_S39;POOL;Ignié-Ngabé-Mayama;0;0;0;
39;2024;2024_S39;BRAZZAVILLE;Ile Mbamou;0;0;0;
39;2024;2024_S39;LIKOUALA;Impfondo;1;0;0;
39;2024;2024_S39;NIARI;Kibangou;0;0;0;
39;2024;2024_S39;NIARI;Kimongo;0;0;0;
39;2024;2024_S39;POOL;Kindamba;0;0;0;
39;2024;2024_S39;POOL;Kinkala;0;0;0;
39;2024;2024_S39;POOL;Kintélé;0;0;0;
39;2024;2024_S39;POINTE NOIRE;Loandjili;0;0;0;
39;2024;2024_S39;BOUENZA;Loudima;0;0;0;
39;2024;2024_S39;BOUENZA;Loutété;0;0;0;
39;2024;2024_S39;POINTE NOIRE;Lumumba;2;0;0;
39;2024;2024_S39;KOUILOU;Madingo kayes - Nzambi;0;0;0;
39;2024;2024_S39;BOUENZA;Madingou;1;0;0;
39;2024;2024_S39;BRAZZAVILLE;Makelekele;0;0;0;
39;2024;2024_S39;NIARI;Mayoko;0;0;0;
39;2024;2024_S39;BRAZZAVILLE;Mfilou;2;0;0;
39;2024;2024_S39;POOL;Mindouli;0;0;0;
39;2024;2024_S39;POINTE NOIRE;Mongo Poukou;1;0;0;
39;2024;2024_S39;CUVETTE;Mossaka-Loukoléla;0;0;0;
39;2024;2024_S39;NIARI;Mossendjo;0;0;0;
39;2024;2024_S39;BRAZZAVILLE;Moungali;0;0;0;
39;2024;2024_S39;BOUENZA;Mouyondzi;0;0;0;
39;2024;2024_S39;POINTE NOIRE;Mvou-Mvou;0;0;0;
39;2024;2024_S39;KOUILOU;Mvouti-Kakamoéka;0;0;0;
39;2024;2024_S39;PLATEAUX;Ngo-Mpouya;0;0;0;
39;2024;2024_S39;POINTE NOIRE;Ngoyo;0;0;0;
39;2024;2024_S39;BOUENZA;Nkayi;0;0;0;
39;2024;2024_S39;SANGHA;Ouesso;0;0;0;
39;2024;2024_S39;CUVETTE;Owando;0;0;0;
39;2024;2024_S39;CUVETTE;Oyo-Alima;0;0;0;
39;2024;2024_S39;BRAZZAVILLE;Poto-Poto;0;0;0;
39;2024;2024_S39;SANGHA;Sembé-Souanké;0;0;0;
39;2024;2024_S39;LEKOUMOU;Sibiti;0;0;0;
39;2024;2024_S39;BRAZZAVILLE;Talangai;0;0;0;
39;2024;2024_S39;POINTE NOIRE;Tchiamba Nzassi;0;0;0;
39;2024;2024_S39;POINTE NOIRE;Tié-Tié;0;0;0;
39;2024;2024_S39;LEKOUMOU;Zanaga;0;0;0;
39;2024;2024_S39;BRAZZAVILLE;Ouenze;0;0;0;
40;2024;2024_S40;PLATEAUX;Abala-Allémbé;0;0;0;
40;2024;2024_S40;BRAZZAVILLE;Bacongo;0;0;0;
40;2024;2024_S40;POOL;Boko-Louingui-Loumo;0;0;0;
40;2024;2024_S40;PLATEAUX;Djambala-Lékana-Mbon ;0;0;0;
40;2024;2024_S40;BRAZZAVILLE;Djiri;0;0;0;
40;2024;2024_S40;NIARI;Dolisie;0;0;0;
40;2024;2024_S40;LIKOUALA;Enyellé-Bétou;0;0;0;
40;2024;2024_S40;CUVETTE OUEST;Ewo;0;0;0;
40;2024;2024_S40;PLATEAUX;Gamboma;0;0;0;
40;2024;2024_S40;POOL;Goma Tsé-Tsé;0;0;0;
40;2024;2024_S40;KOUILOU;Hinda-Loango;0;0;0;
40;2024;2024_S40;POOL;Ignié-Ngabé-Mayama;0;0;0;
40;2024;2024_S40;BRAZZAVILLE;Ile Mbamou;0;0;0;
40;2024;2024_S40;LIKOUALA;Impfondo;0;0;0;
40;2024;2024_S40;NIARI;Kibangou;0;0;0;
40;2024;2024_S40;;Kimongo;0;0;0;
40;2024;2024_S40;POOL;Kindamba;0;0;0;
40;2024;2024_S40;POOL;Kinkala;0;0;0;
40;2024;2024_S40;POOL;Kintélé;0;0;0;
40;2024;2024_S40;POINTE NOIRE;Loandjili;0;0;0;
40;2024;2024_S40;BOUENZA;Loudima;0;0;0;
40;2024;2024_S40;BOUENZA;Loutété;0;0;0;
40;2024;2024_S40;POINTE NOIRE;Lumumba;2;0;0;
40;2024;2024_S40;BRAZZAVILLE;Madibou;2;0;0;
40;2024;2024_S40;KOUILOU;Madingo kayes - Nzambi;1;0;0;
40;2024;2024_S40;BOUENZA;Madingou;0;0;0;
40;2024;2024_S40;BRAZZAVILLE;Makelekele;0;0;0;
40;2024;2024_S40;NIARI;Mayoko;0;0;0;
40;2024;2024_S40;BRAZZAVILLE;Mfilou;1;0;0;
40;2024;2024_S40;POOL;Mindouli;0;0;0;
40;2024;2024_S40;POINTE NOIRE;Mongo Poukou;0;0;0;
40;2024;2024_S40;CUVETTE;Mossaka-Loukoléla;2;0;0;
40;2024;2024_S40;NIARI;Mossendjo;0;0;0;
40;2024;2024_S40;BRAZZAVILLE;Moungali;0;0;0;
40;2024;2024_S40;BOUENZA;Mouyondzi;0;0;0;
40;2024;2024_S40;POINTE NOIRE;Mvou-Mvou;3;0;0;
40;2024;2024_S40;KOUILOU;Mvouti-Kakamoéka;0;0;0;
40;2024;2024_S40;PLATEAUX;Ngo-Mpouya;0;0;0;
40;2024;2024_S40;POINTE NOIRE;Ngoyo;0;0;0;
40;2024;2024_S40;BOUENZA;Nkayi;0;0;0;
40;2024;2024_S40;SANGHA;Ouesso;0;0;0;
40;2024;2024_S40;CUVETTE;Owando;0;0;0;
40;2024;2024_S40;CUVETTE;Oyo-Alima;0;0;0;
40;2024;2024_S40;BRAZZAVILLE;Poto-Poto;0;0;0;
40;2024;2024_S40;SANGHA;Sembé-Souanké;0;0;0;
40;2024;2024_S40;LEKOUMOU;Sibiti;0;0;0;
40;2024;2024_S40;BRAZZAVILLE;Talangai;0;0;0;
40;2024;2024_S40;POINTE NOIRE;Tchiamba Nzassi;0;0;0;
40;2024;2024_S40;POINTE NOIRE;Tié-Tié;0;0;0;
40;2024;2024_S40;LEKOUMOU;Zanaga;0;0;0;
40;2024;2024_S40;BRAZZAVILLE;Ouenze;0;0;0;
41;2024;2024_S41;CUVETTE OUEST;Etoumbi;1;0;0;
41;2024;2024_S41;POINTE NOIRE;Loandjili;2;0;0;
41;2024;2024_S41;BRAZZAVILLE;Madibou;1;0;0;
41;2024;2024_S41;POINTE NOIRE;Mvou-Mvou;1;0;0;
41;2024;2024_S41;POINTE NOIRE;Ngoyo;2;0;0;
41;2024;2024_S41;POINTE NOIRE;Tié-Tié;2;0;0;
42;2024;2024_S42;LIKOUALA;Enyellé-Bétou;1;0;0;
42;2024;2024_S42;POINTE NOIRE;Loandjili;1;0;0;
42;2024;2024_S42;POINTE NOIRE;Lumumba;1;0;0;
42;2024;2024_S42;CUVETTE;Mossaka-Loukoléla;1;0;0;
42;2024;2024_S42;CUVETTE;Oyo-Alima;1;0;0;
43;2024;2024_S43;CUVETTE;Mossaka-Loukoléla;5;0;0;
43;2024;2024_S43;CUVETTE;Loandjili;3;0;0;
43;2024;2024_S43;POINTE NOIRE;Mvou-Mvou;2;0;0;
43;2024;2024_S43;BRAZZAVILLE;Djiri;0;0;0;
44;2024;2024_S44;CUVETTE;Oyo-Alima;4;0;0;
44;2024;2024_S44;BRAZZAVILLE;Talangai;1;0;0;
44;2024;2024_S44;POINTE NOIRE;Lumumba;1;0;0;
44;2024;2024_S44;POINTE NOIRE;Loandjili;2;0;0;
44;2024;2024_S44;KOUILOU;Mvouti-Kakamoéka;2;0;0;
45;2024;2024_S45;LIKOUALA;Enyellé-Bétou;1;0;0;
45;2024;2024_S45;POINTE NOIRE;Loandjili;1;0;0;
45;2024;2024_S45;BRAZZAVILLE;Madibou;1;0;0;
45;2024;2024_S45;POINTE NOIRE;Mvou-Mvou;1;0;0;
45;2024;2024_S45;BRAZZAVILLE;Mfilou;1;0;0;
45;2024;2024_S45;POINTE NOIRE;Ngoyo;1;0;0;
45;2024;2024_S45;PLATEAUX;Abala-Allémbé;1;0;0;
45;2024;2024_S45;CUVETTE OUEST;Ewo;1;0;0;
45;2024;2024_S45;POINTE NOIRE;Tié-Tié;1;0;0;
45;2024;2024_S45;BRAZZAVILLE;Talangai;1;0;0;
46;2024;2024_S46;PLATEAUX;Abala-Allémbé;1;0;0;
46;2024;2024_S46;CUVETTE OUEST;Ewo;1;0;0;
46;2024;2024_S46;POINTE NOIRE;Loandjili;1;0;0;
47;2024;2024_S47;POINTE NOIRE;Loandjili;1;0;0;
47;2024;2024_S47;LIKOUALA;Enyellé-Bétou;1;0;0;
47;2024;2024_S47;SANGHA;Ouesso;3;0;0;
47;2024;2024_S47;POINTE NOIRE;Mvou-Mvou;1;0;0;
47;2024;2024_S47;POINTE NOIRE;Lumumba;1;0;0;
48;2024;2024_S48;LIKOUALA;Bouanela;2;0;0;
48;2024;2024_S48;CUVETTE;Oyo-Alima;1;0;1;
49;2024;2024_S49;POINTE NOIRE;Ngoyo;1;0;0;
49;2024;2024_S49;POINTE NOIRE;Mongo Poukou;1;0;0;
49;2024;2024_S49;POINTE NOIRE;Mvou-Mvou;1;0;0;
50;2024;2024_S50;KOUILOU;Hinda-Loango;1;0;0;
50;2024;2024_S50;POINTE NOIRE;Mongo Poukou;1;0;0;
50;2024;2024_S50;POINTE NOIRE;Mvou-Mvou;2;0;0;
50;2024;2024_S50;POINTE NOIRE;Ngoyo;1;0;0;
50;2024;2024_S50;POINTE NOIRE;Tié-Tié;1;0;0;
51;2024;2024_S51;POINTE NOIRE;Lumumba;1;0;0;
51;2024;2024_S51;POINTE NOIRE;Loandjili;1;0;0;
51;2024;2024_S51;POOL;Kinkala;1;0;0;
51;2024;2024_S51;CUVETTE OUEST;Ewo;1;0;0;
52;2024;2024_S52;BRAZZAVILLE;Mfilou;1;0;1;
52;2024;2024_S52;BRAZZAVILLE;Madibou;1;0;0;
1;2025;2025_S1;POINTE NOIRE;Mongo Poukou;0;0;0;
2;2025;2025_S2;CUVETTE;Owando;1;0;1;
2;2025;2025_S2;BRAZZAVILLE;Poto-Poto;2;0;1;
3;2025;2025_S3;BRAZZAVILLE;Djiri;1;0;0;
3;2025;2025_S3;CUVETTE;Mossaka-Loukoléla;3;0;0;
4;2025;2025_S4;POINTE NOIRE;Lumumba;1;0;1;
4;2025;2025_S4;POINTE NOIRE;Mvou-Mvou;1;0;1;
4;2025;2025_S4;CUVETTE;Owando;1;0;1;
5;2025;2025_S5;BRAZZAVILLE;Djiri;1;;1;
5;2025;2025_S5;CUVETTE OUEST;Ewo;4;0;4;
6;2025;2025_S6;BRAZZAVILLE;Djiri;1;0;1;
6;2025;2025_S6;CUVETTE;Ewo;1;0;0;
6;2025;2025_S6;BRAZZAVILLE;Moungali;1;0;1;
7;2025;2025_S7;BRAZZAVILLE;Ouenze;1;0;1;
7;2025;2025_S7;BRAZZAVILLE;Mfilou;1;0;1;
7;2025;2025_S7;CUVETTE;Owando;2;0;2;
8;2025;2025_S8;BRAZZAVILLE;Ouenze;2;0;2;
8;2025;2025_S8;BRAZZAVILLE;Moungali;2;0;2;
8;2025;2025_S8;CUVETTE;Owando;2;0;1;
8;2025;2025_S8;CUVETTE;Oyo-Alima;1;0;0;
9;2025;2025_S9;KOUILOU;Hinda-Loango;1;0;0;
9;2025;2025_S9;POINTE NOIRE;Loandjili;1;0;1;
9;2025;2025_S9;BRAZZAVILLE;Mfilou;3;0;0;
9;2025;2025_S9;CUVETTE;Mossaka-Loukoléla;1;0;0;
9;2025;2025_S9;BRAZZAVILLE;Poto-Poto;3;0;0;
10;2025;2025_S10;BRAZZAVILLE;Djiri;1;0;1;
10;2025;2025_S10;CUVETTE OUEST;Ewo;1;0;0;
10;2025;2025_S10;POINTE NOIRE;Lumumba;1;0;0;
10;2025;2025_S10;BRAZZAVILLE;Mfilou;3;0;0;
10;2025;2025_S10;BRAZZAVILLE;Moungali;1;0;0;
10;2025;2025_S10;BRAZZAVILLE;Moungali;1;1;0;
11;2025;2025_S11;BRAZZAVILLE;Ile Mbamou;1;0;0;
11;2025;2025_S11;BRAZZAVILLE;Lumumba;1;0;0;
11;2025;2025_S11;BRAZZAVILLE;Mfilou;3;0;0;
11;2025;2025_S11;BRAZZAVILLE;Moungali;1;0;0;
11;2025;2025_S11;POINTE NOIRE;Mvou-Mvou;1;0;0;
12;2025;2025_S12;POINTE NOIRE;Loandjili;1;0;1;
12;2025;2025_S12;POINTE NOIRE;Mongo Poukou;2;0;1;
12;2025;2025_S12;CUVETTE;Owando;3;0;1;
13;2025;2025_S13;BRAZZAVILLE;Ouenze;1;0;1;
13;2025;2025_S13;POINTE NOIRE;Loandjili;1;0;0;
13;2025;2025_S13;POINTE NOIRE;Lumumba;1;0;1;
13;2025;2025_S13;CUVETTE;Owando;4;0;1;
13;2025;2025_S13;BRAZZAVILLE;Talangai;1;0;1;
14;2025;2025_S14;BRAZZAVILLE;Makelekele;1;0;0;
14;2025;2025_S14;POINTE NOIRE;Mongo Poukou;1;0;0;
14;2025;2025_S14;BRAZZAVILLE;Moungali;1;0;1;
14;2025;2025_S14;CUVETTE;Owando;2;0;2;
15;2025;2025_S15;BRAZZAVILLE;Bacongo;1;0;1;
15;2025;2025_S15;BRAZZAVILLE;Makelekele;1;0;0;
15;2025;2025_S15;BRAZZAVILLE;Mfilou;1;0;1;
15;2025;2025_S15;CUVETTE;Mossaka-Loukoléla;1;0;0;
15;2025;2025_S15;SANGHA;Ouesso;1;0;1;
16;2025;2025_S16;POINTE NOIRE;Loandjili;1;0;0;
16;2025;2025_S16;BRAZZAVILLE;Ile Mbamou;1;0;0;
17;2025;2025_S17;BRAZZAVILLE;Ouenze;1;0;1;
17;2025;2025_S17;POINTE NOIRE;Ngoyo;1;0;0;
17;2025;2025_S17;POINTE NOIRE;Loandjili;1;0;0;
17;2025;2025_S17;CUVETTE;Oyo-Alima;1;0;0;
18;2025;2025_S18;POINTE NOIRE;Tchiamba Nzassi;2;0;0;
18;2025;2025_S18;SANGHA;Ouesso;1;0;1;
19;2025;2025_S19;CUVETTE OUEST;Ewo;2;0;0;
19;2025;2025_S19;POINTE NOIRE;Tchiamba Nzassi;2;0;0;
19;2025;2025_S19;BRAZZAVILLE;Ouenze;1;0;1;
20;2025;2025_S20;POINTE NOIRE;Lumumba;1;0;0;
20;2025;2025_S20;BRAZZAVILLE;Makelekele;1;0;0;
20;2025;2025_S20;BRAZZAVILLE;Bacongo;1;0;0;
21;2025;2025_S21;BRAZZAVILLE;Poto-Poto;1;0;0;
21;2025;2025_S21;BRAZZAVILLE;Djiri;1;0;0;
21;2025;2025_S21;CUVETTE OUEST;Etoumbi;1;0;0;
21;2025;2025_S21;BRAZZAVILLE;Moungali;3;0;3;
21;2025;2025_S21;SANGHA;Ouesso;2;0;2;
22;2025;2025_S22;BRAZZAVILLE;Ouenze;3;0;2;
22;2025;2025_S22;BRAZZAVILLE;Moungali;2;0;2;
22;2025;2025_S22;BRAZZAVILLE;Kintélé;1;0;1;
22;2025;2025_S22;BRAZZAVILLE;Talangai;1;0;0;
22;2025;2025_S22;BRAZZAVILLE;Makelekele;1;0;0;
22;2025;2025_S22;POINTE NOIRE;Ngoyo;1;0;0;
23;2025;2025_S23;BRAZZAVILLE;Ouenze;1;0;0;
23;2025;2025_S23;BRAZZAVILLE;Mfilou;1;0;1;
24;2025;2025_S24;CUVETTE;Owando;1;0;0;
24;2025;2025_S24;BRAZZAVILLE;Djiri;1;0;0;
24;2025;2025_S24;BRAZZAVILLE;Talangai;1;0;0;
24;2025;2025_S24;POINTE NOIRE;Mvou-Mvou;2;0;0;
25;2025;2025_S25;POINTE NOIRE;Loandjili;1;0;0;
25;2025;2025_S25;BRAZZAVILLE;Madibou;1;0;0;
25;2025;2025_S25;BRAZZAVILLE;Moungali;1;0;0;
26;2025;2025_S26;BRAZZAVILLE;Moungali;1;0;1;
26;2025;2025_S26;BRAZZAVILLE;Poto-Poto;2;0;0;
26;2025;2025_S26;BRAZZAVILLE;Makelekele;1;0;0;
26;2025;2025_S26;POINTE NOIRE;Loandjili;1;0;1;
26;2025;2025_S26;POINTE NOIRE;Tié-Tié;1;0;0;
26;2025;2025_S26;BRAZZAVILLE;Madibou;1;0;0;
27;2025;2025_S27;POINTE NOIRE;Tié-Tié;1;0;0;
27;2025;2025_S27;BRAZZAVILLE;Moungali;1;0;1;
27;2025;2025_S27;BRAZZAVILLE;Djiri;3;0;3;
27;2025;2025_S27;BRAZZAVILLE;Bacongo;1;0;0;
27;2025;2025_S27;BRAZZAVILLE;Ouenze;1;0;1;
28;2025;2025_S28;LIKOUALA;Enyellé-Bétou;1;0;0;
28;2025;2025_S28;POINTE NOIRE;Loandjili;1;0;0;
28;2025;2025_S28;BRAZZAVILLE;Poto-Poto;2;0;1;
28;2025;2025_S28;BRAZZAVILLE;Ouenze;2;0;0;
28;2025;2025_S28;POINTE NOIRE;Mvou-Mvou;1;0;0;
28;2025;2025_S28;POINTE NOIRE;Ngoyo;1;0;0;
28;2025;2025_S28;BRAZZAVILLE;Bacongo;1;0;0;
28;2025;2025_S28;BRAZZAVILLE;Mfilou;1;0;1;
28;2025;2025_S28;BRAZZAVILLE;Djiri;2;0;1;
29;2025;2025_S29;BRAZZAVILLE;Djiri;1;0;1;
29;2025;2025_S29;BRAZZAVILLE;Madibou;1;0;1;
29;2025;2025_S29;POINTE NOIRE;Lumumba;1;0;0;
29;2025;2025_S29;CUVETTE;Mossaka-Loukoléla;5;0;0;
30;2025;2025_S30;BRAZZAVILLE;Djiri;1;0;1;
30;2025;2025_S30;BRAZZAVILLE;Makelekele;3;0;1;
30;2025;2025_S30;BRAZZAVILLE;Talangai;1;0;1;
30;2025;2025_S30;POINTE NOIRE;Lumumba;1;0;0;
30;2025;2025_S30;POINTE NOIRE;Loandjili;2;0;0;
30;2025;2025_S30;BRAZZAVILLE;Madibou;2;0;0;
31;2025;2025_S31;POINTE NOIRE;Mongo Poukou;2;0;0;
31;2025;2025_S31;POINTE NOIRE;Mvou-Mvou;1;0;0;
31;2025;2025_S31;BRAZZAVILLE;Djiri;1;0;0;
31;2025;2025_S31;BRAZZAVILLE;Talangai;1;0;1;
31;2025;2025_S31;BRAZZAVILLE;Moungali;1;0;1;
32;2025;2025_S32;BRAZZAVILLE;Djiri;1;0;1;